,sub,num_ind,rc_ind,undo_ind,num_list,budget_list,rc_list,undo_click,n_undo,diff_n,diff,diff_undo,t_rc,t_undo,f_t_rc,f_t_undo,t_everyact_rc,t_everyundo,t_everyc_undo,t_s_rc,t_s_undo
0,1,96,0,24,6,350,8,1,31,-2,0,0,32.38000000000011,69.88999999999987,13.440000000000055,5.940000000000055,"[2.1099999999996726, 0.5, 1.6900000000000546, 1.150000000000091, 1.1799999999998363, 1.3800000000001091, 5.7400000000002365]","[2.199999999999818, 3.3299999999999272, 0.2699999999999818, 0.2300000000000182, 0.18000000000029104, 0.21000000000003638, 0.1999999999998181, 0.25, 1.5300000000002, 0.1999999999998181, 0.2300000000000182, 0.21000000000003638, 0.22000000000025466, 0.23999999999978172, 0.2899999999999636, 1.0, 0.21000000000003638, 0.19000000000005457, 0.19000000000005457, 0.21000000000003638, 0.21000000000003638, 0.5900000000001455, 1.7600000000002183, 0.42000000000007276, 0.8899999999998727, 0.2600000000002183, 0.25, 0.2300000000000182, 0.4699999999997999, 0.5300000000002001, 0.419999999999618]","[0.7800000000002001, 0.6999999999998181, 0.7600000000002183, 0.5399999999999636, 0.9899999999997817, 0.8299999999999272, 1.3600000000001273, 0.5799999999999272, 0.8600000000001273, 0.819999999999709, 1.0700000000001637, 0.650000000000091, 0.9600000000000364, 0.6100000000001273, 0.6899999999995998, 0.75, 0.49000000000023647, 0.9400000000000546, 0.6299999999996544, 1.2000000000002728, 0.7999999999997272, 2.2099999999995816, 1.5400000000004184, 1.8299999999999272, 0.6799999999998363, 0.7400000000002365, 0.9800000000000182, 0.75, 0.7099999999995816, 0.9499999999998181, 0.7800000000002001, 1.2600000000002183, 0.7999999999997272, 1.3500000000003638, 4.539999999999964, 2.6900000000000546, 1.4800000000000182, 3.75]",5.190000000000055,2.2799999999997453
1,1,97,1,25,4,350,6,1,12,-1,0,0,18.740000000000236,35.820000000000164,10.470000000000255,4.010000000000218,"[1.199999999999818, 0.9900000000002365, 0.9800000000000182, 0.9099999999998545, 0.9699999999997999]","[0.599999999999909, 0.24000000000023647, 0.25, 0.25, 0.2199999999997999, 0.2699999999999818, 3.230000000000018, 0.330000000000382, 0.2199999999997999, 0.19000000000005457, 0.19000000000005457, 0.2199999999997999]","[1.3799999999996544, 0.7100000000000364, 0.7200000000002547, 0.5799999999999272, 0.9600000000000364, 9.340000000000146, 1.0399999999999636, 0.7899999999999636, 0.5500000000001819, 0.5099999999997635, 0.6799999999998363, 0.5799999999999272, 1.2899999999999636, 1.1000000000003638, 0.5599999999999454, 0.8699999999998909]",3.2200000000002547,3.3400000000001455
2,1,98,2,26,7,500,9,0,0,-2,0,0,21.920000000000073,11.61999999999989,8.059999999999945,1.7199999999998,"[0.6700000000000728, 1.2899999999999636, 0.8800000000001091, 0.5599999999999454, 0.8699999999998909, 0.6900000000000546, 0.6799999999998363, 1.900000000000091]",[],"[0.8400000000001455, 0.5299999999997453, 0.5399999999999636, 0.6900000000000546, 0.7899999999999636, 0.6600000000003092, 1.5799999999999272, 2.0099999999997635]",6.320000000000164,2.2600000000002183
3,1,99,3,27,8,500,9,1,17,-3,-1,0,14.159999999999854,30.81999999999971,5.5900000000001455,4.349999999999909,"[0.4699999999997999, 1.1399999999998727, 0.7899999999999636, 0.5199999999999818, 0.7300000000000182, 0.44000000000005457, 0.6900000000000546]","[1.4600000000000364, 0.1999999999998181, 0.20000000000027285, 0.19000000000005457, 0.2199999999997999, 0.21000000000003638, 0.2199999999997999, 0.18000000000029104, 0.49000000000023647, 0.2300000000000182, 0.21000000000003638, 0.19000000000005457, 0.1999999999998181, 0.2199999999997999, 0.21000000000003638, 0.21000000000003638, 0.2300000000000182]","[0.5299999999997453, 1.0399999999999636, 0.8200000000001637, 0.42000000000007276, 0.8899999999998727, 0.42000000000007276, 0.5, 0.9600000000000364, 0.8299999999999272, 0.34999999999990905, 0.9900000000002365, 0.9699999999997999, 0.40000000000009095, 0.5299999999997453, 1.400000000000091, 0.5799999999999272, 0.40000000000009095, 1.2199999999998, 0.7000000000002728, 0.6300000000001091, 0.9600000000000364, 1.3399999999996908, 0.6099999999996726, 0.7000000000002728]",3.7899999999999636,2.7199999999998
4,1,100,4,28,3,200,9,1,13,0,-1,-1,23.2199999999998,29.75,3.1399999999998727,2.4400000000000546,"[12.070000000000164, 0.5799999999999272, 0.7200000000002547, 0.7299999999995634, 1.900000000000091, 0.900000000000091, 1.1700000000000728]","[1.400000000000091, 0.23999999999978172, 0.21000000000003638, 0.1999999999998181, 0.42000000000007276, 0.38000000000010914, 0.5700000000001637, 0.23999999999978172, 0.7400000000002365, 0.25999999999976353, 0.22000000000025466, 0.23999999999978172, 0.6199999999998909]","[1.9400000000000546, 0.6300000000001091, 0.5199999999999818, 1.0299999999997453, 1.4200000000000728, 0.75, 1.1700000000000728, 0.5199999999999818, 0.5300000000002001, 0.7399999999997817, 0.6799999999998363, 1.0100000000002183, 0.4800000000000182, 1.0599999999999454, 1.4600000000000364, 2.3200000000001637, 1.0099999999997635, 1.300000000000182, 0.9200000000000728]",2.0099999999997635,1.699999999999818
5,1,101,5,29,9,500,8,1,14,-3,-1,0,17.09999999999991,33.91000000000031,4.2199999999998,1.6100000000001273,"[1.800000000000182, 1.3299999999999272, 1.0, 3.7600000000002183, 0.4699999999997999, 0.7300000000000182]","[0.7599999999997635, 0.22000000000025466, 0.22999999999956344, 0.2300000000000182, 0.7800000000002001, 0.25, 0.21000000000003638, 0.23999999999978172, 0.2300000000000182, 0.24000000000023647, 0.2300000000000182, 0.23999999999978172, 0.41000000000030923, 3.5]","[1.3699999999998909, 2.3299999999999272, 0.8500000000003638, 2.2100000000000364, 1.0199999999999818, 1.1900000000000546, 0.7000000000002728, 0.6999999999998181, 1.0799999999999272, 0.7400000000002365, 0.4699999999997999, 0.849999999999909, 1.419999999999618, 1.2699999999999818, 0.8200000000001637, 0.8699999999998909, 0.8299999999999272, 0.8200000000001637, 1.150000000000091, 0.900000000000091, 1.3099999999999454]",3.7899999999999636,1.6300000000001091
6,1,102,6,30,3,200,9,1,3,1,0,0,14.650000000000091,22.960000000000036,1.7400000000002365,2.5299999999997453,"[1.8800000000001091, 1.2699999999999818, 2.980000000000018, 0.4899999999997817, 0.7100000000000364, 1.699999999999818, 1.7600000000002183, 1.449999999999818]","[1.3699999999998909, 0.25, 0.2300000000000182]","[1.8900000000003274, 0.5299999999997453, 1.050000000000182, 0.4600000000000364, 2.5599999999999454, 1.4899999999997817, 0.7300000000000182, 1.2100000000000364, 0.4800000000000182, 0.7800000000002001, 3.699999999999818]",0.6700000000000728,3.700000000000273
7,1,103,7,31,8,500,8,1,7,-3,-1,0,24.09999999999991,31.070000000000164,16.859999999999673,9.239999999999782,"[0.7300000000000182, 0.8600000000001273, 0.650000000000091, 1.0099999999997635, 1.3100000000004002, 1.0799999999999272]","[0.38000000000010914, 0.2199999999997999, 0.20000000000027285, 0.1999999999998181, 0.21000000000003638, 0.23999999999978172, 0.2300000000000182]","[0.8800000000001091, 0.7600000000002183, 0.4600000000000364, 0.8299999999999272, 1.0299999999997453, 1.0900000000001455, 0.36000000000012733, 1.1700000000000728, 1.0799999999999272, 0.650000000000091, 0.599999999999909, 0.6199999999998909, 1.1000000000003638, 0.8399999999996908]",1.599999999999909,8.680000000000291
8,1,104,8,32,5,350,8,1,19,-1,0,0,14.430000000000291,34.570000000000164,6.570000000000164,2.5200000000004366,"[2.269999999999982, 0.7199999999997999, 0.6100000000001273, 1.3099999999999454, 0.38000000000010914, 0.75, 0.5199999999999818]","[1.5499999999997272, 0.22000000000025466, 0.1999999999998181, 0.21000000000003638, 0.21000000000003638, 0.24000000000023647, 0.23999999999978172, 0.33999999999969077, 0.2300000000000182, 0.19000000000005457, 0.1999999999998181, 0.3100000000004002, 0.5499999999997272, 0.20000000000027285, 0.1999999999998181, 0.21000000000003638, 0.2300000000000182, 0.2300000000000182, 0.2600000000002183]","[0.5899999999996908, 0.5500000000001819, 0.650000000000091, 0.5399999999999636, 1.2799999999997453, 0.680000000000291, 2.119999999999891, 0.4099999999998545, 0.5900000000001455, 0.5900000000001455, 0.8800000000001091, 1.099999999999909, 0.4299999999998363, 0.47000000000025466, 1.9599999999995816, 0.75, 1.6700000000000728, 0.9700000000002547, 2.149999999999636, 0.7100000000000364, 1.0100000000002183, 1.3399999999996908, 1.4400000000000546, 0.650000000000091, 1.4700000000002547]",1.300000000000182,0.4800000000000182
9,1,105,9,33,5,350,9,0,0,-2,-2,0,14.550000000000182,15.179999999999836,4.330000000000382,4.889999999999873,"[0.75, 0.45999999999958163, 0.5500000000001819, 2.4700000000002547, 3.399999999999636, 0.7100000000000364]",[],"[0.8400000000001455, 0.650000000000091, 1.6099999999996726, 1.5599999999999454, 0.7000000000002728, 0.8800000000001091, 1.3099999999999454, 0.819999999999709]",1.8800000000001091,1.9200000000000728
10,1,106,10,34,6,350,8,1,20,-1,0,0,11.269999999999982,48.29999999999973,2.519999999999982,3.5799999999999272,"[0.7699999999999818, 0.680000000000291, 0.6399999999998727, 0.5799999999999272, 1.1100000000001273, 0.5700000000001637, 0.8299999999999272]","[2.0799999999999272, 0.21000000000003638, 0.21000000000003638, 0.19000000000005457, 0.18999999999959982, 0.21000000000003638, 0.20000000000027285, 0.5900000000001455, 0.6200000000003456, 0.21000000000003638, 0.23999999999978172, 0.22000000000025466, 0.20999999999958163, 0.21000000000003638, 1.3799999999996544, 0.2300000000000182, 0.20000000000027285, 0.2300000000000182, 0.21000000000003638, 0.5399999999999636]","[1.1900000000000546, 1.0299999999997453, 0.599999999999909, 1.2600000000002183, 0.6799999999998363, 0.680000000000291, 0.9800000000000182, 0.9200000000000728, 0.819999999999709, 0.7999999999997272, 1.8900000000003274, 0.7699999999999818, 1.1099999999996726, 7.230000000000018, 1.180000000000291, 2.8799999999996544, 0.6300000000001091, 0.650000000000091, 0.38000000000010914, 0.6100000000001273, 1.7599999999997635, 0.9200000000000728, 0.9299999999998363, 0.45000000000027285, 1.1599999999998545, 0.5199999999999818, 0.9200000000000728]",3.569999999999709,3.3899999999998727
11,1,107,11,35,8,500,11,1,1,-2,-3,-1,12.269999999999982,51.76000000000022,4.330000000000382,2.050000000000182,"[0.8999999999996362, 0.5199999999999818, 0.9200000000000728, 0.8700000000003456, 0.6099999999996726, 0.6900000000000546, 1.7200000000002547]",[1.2999999999997272],"[2.2200000000002547, 0.44000000000005457, 1.0299999999997453, 0.8500000000003638, 1.3999999999996362, 1.0599999999999454, 0.8400000000001455, 1.8800000000001091, 0.5599999999999454, 1.0399999999999636]",1.7099999999995816,37.090000000000146
12,1,108,12,36,3,200,8,0,0,-1,-3,-1,8.7199999999998,32.95000000000027,4.139999999999873,4.570000000000164,"[0.7600000000002183, 0.6599999999998545, 0.7899999999999636, 0.9299999999998363]",[],"[0.7799999999997453, 1.4100000000003092, 1.4099999999998545, 1.800000000000182, 0.7599999999997635, 1.5]",1.4400000000000546,20.720000000000255
13,1,109,13,37,7,500,10,1,15,-2,-2,0,17.710000000000036,41.38999999999987,5.800000000000182,6.679999999999836,"[0.8600000000001273, 0.7799999999997453, 1.7100000000000364, 0.8699999999998909, 1.4900000000002365, 1.0, 1.5099999999997635]","[0.44000000000005457, 0.23999999999978172, 0.2600000000002183, 0.1999999999998181, 0.2300000000000182, 0.21000000000003638, 0.23999999999978172, 0.75, 0.36999999999989086, 0.1999999999998181, 0.20000000000027285, 0.21000000000003638, 0.21000000000003638, 0.2300000000000182, 0.25]","[1.0700000000001637, 1.2899999999999636, 0.5, 1.7800000000002, 0.5399999999999636, 1.6099999999996726, 0.8500000000003638, 1.5900000000001455, 1.4099999999998545, 1.6300000000001091, 0.6100000000001273, 0.7100000000000364, 1.069999999999709, 1.6600000000003092, 1.2699999999999818, 0.7899999999999636, 0.5899999999996908, 1.2200000000002547, 0.7599999999997635, 1.2800000000002, 0.9299999999998363, 0.8699999999998909, 2.100000000000364]",3.6900000000000546,3.5899999999996908
14,1,110,14,38,8,500,9,0,0,-3,0,0,11.989999999999782,17.070000000000164,1.6900000000000546,4.820000000000164,"[0.6700000000000728, 1.1399999999998727, 1.1199999999998909, 0.6600000000003092, 0.9399999999995998, 2.6400000000003274, 1.0499999999997272, 0.6900000000000546]",[],"[1.0700000000001637, 0.4399999999995998, 0.830000000000382, 0.4099999999998545, 0.8800000000001091, 0.6499999999996362, 0.6900000000000546, 1.4900000000002365]",1.3899999999998727,5.789999999999964
15,1,111,15,39,2,200,8,1,15,0,-1,-1,23.889999999999873,42.4699999999998,14.820000000000164,9.320000000000164,"[0.7300000000000182, 0.6399999999998727, 2.6900000000000546, 0.900000000000091, 0.7999999999997272, 1.6300000000001091]","[1.8099999999999454, 0.24000000000023647, 0.2300000000000182, 0.20999999999958163, 0.2300000000000182, 0.29000000000041837, 1.7799999999997453, 0.2800000000002001, 0.23999999999978172, 0.22000000000025466, 0.2300000000000182, 2.2799999999997453, 0.8999999999996362, 0.2800000000002001, 0.23999999999978172]","[1.0, 0.7199999999997999, 1.2600000000002183, 1.8699999999998909, 0.6099999999996726, 1.2600000000002183, 1.8799999999996544, 0.7699999999999818, 0.9800000000000182, 0.5700000000001637, 1.6700000000000728, 0.5199999999999818, 0.42000000000007276, 0.47000000000025466, 1.449999999999818, 1.5100000000002183, 0.7800000000002001, 1.050000000000182, 0.7899999999999636, 0.669999999999618, 1.7000000000002728]",1.6799999999998363,1.7399999999997817
16,1,112,16,40,9,500,8,0,0,-3,0,0,19.550000000000182,19.18000000000029,10.090000000000146,5.849999999999909,"[1.1300000000001091, 1.1199999999998909, 1.5, 1.7699999999999818, 0.9299999999998363, 0.7000000000002728, 0.8799999999996544]",[],"[2.1600000000003092, 1.0599999999999454, 0.9299999999998363, 0.7699999999999818, 0.75, 2.1200000000003456, 1.8099999999999454]",1.430000000000291,3.730000000000018
17,1,113,17,41,3,200,7,0,0,-1,-1,0,16.870000000000346,14.050000000000182,8.420000000000073,3.4600000000000364,"[0.8200000000001637, 1.6199999999998909, 0.8200000000001637, 0.8899999999998727, 2.7200000000002547]",[],"[1.0399999999999636, 0.75, 1.8500000000003638, 1.8699999999998909, 2.3399999999996908, 0.830000000000382]",1.5799999999999272,1.9099999999998545
18,1,114,18,42,6,500,9,0,0,0,-1,0,19.579999999999927,22.559999999999945,3.8299999999999272,13.539999999999964,"[2.1100000000001273, 6.980000000000018, 0.6900000000000546, 1.4299999999998363, 0.9700000000002547, 0.7300000000000182, 0.8299999999999272]",[],"[0.7899999999999636, 0.5299999999997453, 1.75, 0.5300000000002001, 0.6199999999998909, 0.8699999999998909, 2.230000000000018, 0.7100000000000364]",2.0099999999997635,0.9900000000002365
19,1,115,19,43,5,350,7,1,19,-1,0,0,57.30000000000018,46.98000000000002,30.38000000000011,7.5900000000001455,"[2.0, 1.2600000000002183, 5.769999999999982, 11.889999999999873, 0.8899999999998727, 0.8299999999999272]","[2.349999999999909, 0.25999999999976353, 0.2699999999999818, 2.650000000000091, 0.2800000000002001, 0.2199999999997999, 0.2300000000000182, 0.22000000000025466, 0.7399999999997817, 0.2300000000000182, 0.21000000000003638, 0.4800000000000182, 0.22000000000025466, 0.25, 0.25999999999976353, 0.3000000000001819, 1.5, 0.23999999999978172, 0.2300000000000182]","[1.069999999999709, 1.2800000000002, 0.5, 1.0700000000001637, 1.8600000000001273, 0.7200000000002547, 0.4399999999995998, 1.2100000000000364, 0.7799999999997453, 0.5199999999999818, 0.7600000000002183, 1.1100000000001273, 0.6299999999996544, 1.5700000000001637, 0.9600000000000364, 0.6999999999998181, 2.0399999999999636, 0.6900000000000546, 1.3099999999999454, 1.0200000000004366, 0.5799999999999272, 0.6599999999998545, 0.7199999999997999]",4.2800000000002,3.2200000000002547
20,1,116,20,44,5,350,8,0,0,-1,-2,-1,8.980000000000018,14.319999999999709,3.699999999999818,6.379999999999654,"[0.650000000000091, 0.6100000000001273, 0.6599999999998545, 0.7699999999999818, 0.9200000000000728]",[],"[0.7200000000002547, 1.2899999999999636, 1.0199999999999818, 1.0599999999999454, 1.0199999999999818, 0.8299999999999272]",1.6700000000000728,2.0
21,1,117,21,45,9,500,8,1,6,-5,0,0,26.84999999999991,23.5300000000002,17.449999999999818,7.070000000000164,"[0.8299999999999272, 2.3900000000003274, 1.199999999999818, 0.6799999999998363, 1.2100000000000364, 0.7899999999999636, 1.4700000000002547]","[1.099999999999909, 0.21000000000003638, 0.19000000000005457, 0.22000000000025466, 0.21000000000003638, 0.4499999999998181]","[0.9299999999998363, 1.5300000000002, 0.7899999999999636, 0.7699999999999818, 1.2599999999997635, 0.7100000000000364, 0.7100000000000364, 1.0199999999999818, 0.7599999999997635, 0.5300000000002001, 0.5199999999999818, 1.7300000000000182]",0.8299999999999272,2.3700000000003456
22,1,118,22,46,10,500,8,1,10,-3,0,0,13.269999999999982,34.98000000000002,1.7000000000002728,1.4500000000002728,"[1.069999999999709, 2.3299999999999272, 0.6300000000001091, 1.0700000000001637, 1.9299999999998363, 2.0900000000001455, 1.2100000000000364]","[4.180000000000291, 0.2199999999997999, 0.2300000000000182, 0.21000000000003638, 0.1999999999998181, 0.2300000000000182, 0.21000000000003638, 0.36999999999989086, 1.2699999999999818, 0.25]","[0.4600000000000364, 2.8099999999999454, 0.5899999999996908, 1.650000000000091, 0.9200000000000728, 1.099999999999909, 1.2300000000000182, 0.3400000000001455, 1.3299999999999272, 6.570000000000164, 0.5, 1.1100000000001273, 1.1299999999996544, 1.650000000000091, 1.6300000000001091, 1.3899999999998727, 0.8500000000003638]",1.2399999999997817,0.8999999999996362
23,1,119,23,47,5,350,9,1,6,-2,0,-1,18.199999999999818,22.620000000000346,4.379999999999654,2.519999999999982,"[0.9800000000000182, 1.7400000000002365, 3.5900000000001455, 0.9799999999995634, 0.5, 1.0900000000001455, 1.7000000000002728, 1.3599999999996726]","[0.9699999999997999, 0.20000000000027285, 0.19000000000005457, 0.1799999999998363, 0.2300000000000182, 0.4899999999997817]","[0.7699999999999818, 0.6900000000000546, 0.5799999999999272, 0.5500000000001819, 2.849999999999909, 1.0799999999999272, 2.2600000000002183, 1.2900000000004184, 0.819999999999709, 1.0300000000002, 0.8099999999999454, 0.7199999999997999, 0.6600000000003092]",1.8800000000001091,3.730000000000018
24,1,120,72,48,4,350,9,1,12,-1,-1,-1,25.920000000000073,50.55000000000018,17.650000000000546,7.360000000000127,"[0.4600000000000364, 1.5399999999999636, 0.8000000000001819, 0.9499999999998181, 0.8999999999996362, 0.8299999999999272, 1.0200000000004366]","[4.269999999999982, 0.2600000000002183, 0.2199999999997999, 0.22000000000025466, 0.2199999999997999, 0.2600000000002183, 0.4299999999998363, 0.4600000000000364, 0.8699999999998909, 0.599999999999909, 1.1799999999998363, 0.330000000000382]","[0.6300000000001091, 0.7399999999997817, 1.7899999999999636, 0.6100000000001273, 1.4200000000000728, 0.6299999999996544, 0.6700000000000728, 4.429999999999836, 0.4800000000000182, 0.8400000000001455, 0.36000000000012733, 0.8399999999996908, 6.690000000000055, 2.1700000000000728, 1.4099999999998545, 1.050000000000182, 0.7899999999999636, 1.349999999999909, 1.7000000000002728]",1.769999999999527,5.269999999999982
25,1,121,73,49,2,200,9,0,0,0,-1,0,19.340000000000146,12.789999999999964,6.780000000000655,3.669999999999618,"[0.6599999999998545, 0.6599999999998545, 1.1000000000003638, 0.9499999999998181, 2.649999999999636, 0.8400000000001455, 0.7300000000004729]",[],"[0.580000000000382, 0.5899999999996908, 0.7899999999999636, 1.180000000000291, 0.6599999999998545, 0.8099999999999454, 0.6399999999998727, 1.9500000000002728]",4.969999999999345,1.9200000000000728
26,1,122,74,50,5,350,8,0,0,-1,-1,0,23.94000000000051,12.029999999999745,15.8100000000004,1.6299999999996544,"[0.7600000000002183, 0.7899999999999636, 0.819999999999709, 0.6700000000000728, 1.1300000000001091, 1.8999999999996362]",[],"[3.4900000000002365, 0.8099999999999454, 1.0300000000002, 0.8999999999996362, 0.8700000000003456, 0.5899999999996908, 1.4900000000002365]",2.0600000000004,1.2199999999998
27,1,123,75,51,2,200,10,1,7,2,0,0,17.61999999999989,23.029999999999745,1.7299999999995634,1.3600000000001273,"[0.7200000000002547, 0.8699999999998909, 0.6099999999996726, 0.7700000000004366, 1.3400000000001455, 6.670000000000073, 0.8299999999999272, 1.2899999999999636, 0.7799999999997453]","[1.6899999999995998, 0.2300000000000182, 0.19000000000005457, 0.5, 0.2699999999999818, 0.24000000000023647, 0.2300000000000182]","[0.6599999999998545, 0.7899999999999636, 0.5099999999997635, 1.4900000000002365, 0.8400000000001455, 0.8699999999998909, 0.6399999999998727, 0.9500000000002728, 0.9800000000000182, 1.599999999999909, 0.8000000000001819, 0.7899999999999636, 0.9499999999998181, 0.599999999999909, 1.3699999999998909, 0.7100000000000364]",2.0100000000002183,3.769999999999982
28,1,124,76,52,7,500,8,1,7,-1,0,0,20.219999999999345,25.820000000000164,5.969999999999345,8.340000000000146,"[3.5, 4.290000000000873, 0.8799999999991996, 1.3400000000001455, 0.5200000000004366, 1.6799999999993815, 1.2899999999999636]","[4.480000000000018, 0.22000000000025466, 0.19000000000005457, 0.169999999999618, 0.18000000000029104, 0.19000000000005457, 0.25999999999976353]","[0.5799999999999272, 0.599999999999909, 1.3900000000003274, 0.919999999999618, 1.080000000000382, 0.8999999999996362, 0.30999999999994543, 1.1000000000003638, 0.5499999999997272, 0.7600000000002183, 0.8399999999996908, 0.4800000000000182, 0.38000000000010914, 0.8200000000001637]",0.75,1.0799999999999272
29,1,125,77,53,4,200,8,0,0,-1,0,0,12.730000000000473,10.580000000000382,7.020000000000437,4.010000000000218,"[0.7100000000000364, 0.46999999999934516, 0.9400000000005093, 0.819999999999709, 0.6199999999998909, 0.5900000000001455, 0.7899999999999636]",[],"[0.9299999999998363, 0.75, 1.0599999999999454, 0.580000000000382, 0.4499999999998181, 0.4600000000000364, 0.6599999999998545]",0.7700000000004366,1.680000000000291
30,1,126,78,54,6,500,7,1,11,-1,-1,0,22.700000000000728,30.289999999999964,17.730000000000473,5.390000000000327,"[0.4499999999998181, 0.6700000000000728, 0.4600000000000364, 1.199999999999818, 0.9200000000000728]","[1.75, 0.25, 0.19000000000005457, 0.21000000000003638, 0.19000000000005457, 1.699999999999818, 0.3400000000001455, 0.3599999999996726, 0.2699999999999818, 0.2300000000000182, 0.3500000000003638]","[0.6599999999998545, 1.0300000000002, 0.5299999999997453, 0.4099999999998545, 0.3000000000001819, 1.9299999999998363, 0.49000000000023647, 0.75, 0.419999999999618, 0.8700000000003456, 0.5199999999999818, 0.7799999999997453, 0.680000000000291, 0.5899999999996908, 0.5100000000002183, 0.8699999999998909, 1.1199999999998909]",1.2700000000004366,6.599999999999909
31,1,127,79,55,2,200,9,1,22,1,-1,0,11.3100000000004,46.05000000000018,2.4400000000005093,2.0100000000002183,"[0.5299999999997453, 0.9399999999995998, 1.0800000000008367, 0.7199999999993452, 0.680000000000291, 1.9799999999995634, 1.9600000000000364]","[1.1900000000000546, 0.1999999999998181, 0.1799999999998363, 0.19000000000005457, 0.20000000000027285, 3.3099999999999454, 0.2600000000002183, 0.23999999999978172, 0.22000000000025466, 0.23999999999978172, 0.2300000000000182, 0.3000000000001819, 0.4699999999997999, 1.180000000000291, 1.2100000000000364, 0.2300000000000182, 0.2199999999997999, 0.18000000000029104, 0.19000000000005457, 0.21000000000003638, 0.22999999999956344, 0.2800000000002001]","[0.7199999999997999, 0.5300000000002001, 0.6999999999998181, 0.650000000000091, 0.8299999999999272, 0.5399999999999636, 0.6600000000003092, 1.069999999999709, 0.6400000000003274, 3.0, 0.6399999999998727, 1.4899999999997817, 1.1400000000003274, 0.5899999999996908, 1.0900000000001455, 0.6199999999998909, 1.300000000000182, 0.569999999999709, 0.8400000000001455, 0.599999999999909, 1.9099999999998545, 0.7199999999997999, 0.6600000000003092, 0.9099999999998545, 1.3400000000001455, 1.819999999999709, 1.3800000000001091, 0.900000000000091, 0.6799999999998363]",0.9800000000004729,3.130000000000109
32,1,128,80,56,7,500,9,0,0,-2,0,0,15.569999999999709,25.90000000000009,2.4200000000000728,8.7800000000002,"[1.2200000000002547, 2.1899999999996, 0.6199999999998909, 0.5, 0.7700000000004366, 1.4799999999995634, 0.7600000000002183, 4.569999999999709]",[],"[0.75, 1.1700000000000728, 0.599999999999909, 1.9200000000000728, 0.6099999999996726, 1.4200000000000728, 0.6399999999998727, 3.9400000000000546]",1.0399999999999636,6.070000000000164
33,1,129,81,57,5,350,8,1,21,-1,0,-1,12.720000000000255,41.429999999999836,4.830000000000837,8.11999999999989,"[1.3099999999994907, 1.0399999999999636, 1.0200000000004366, 0.7999999999992724, 1.1200000000008004, 0.5299999999997453, 0.7399999999997817]","[0.8800000000001091, 0.29999999999972715, 1.0099999999997635, 0.22000000000025466, 0.21000000000003638, 0.4600000000000364, 0.599999999999909, 0.21000000000003638, 0.20000000000027285, 0.30999999999994543, 0.25, 0.25999999999976353, 1.6200000000003456, 0.20999999999958163, 0.20000000000027285, 0.2300000000000182, 0.5399999999999636, 0.18000000000029104, 0.20999999999958163, 0.22000000000025466, 0.4099999999998545]","[0.8699999999998909, 1.550000000000182, 1.3299999999999272, 0.9900000000002365, 0.8600000000001273, 0.9399999999995998, 0.8500000000003638, 0.8899999999998727, 0.44000000000005457, 0.419999999999618, 0.75, 0.8600000000001273, 0.7699999999999818, 1.6300000000001091, 0.8400000000001455, 0.38000000000010914, 0.3799999999996544, 1.3800000000001091, 0.5499999999997272, 0.6399999999998727, 0.7200000000002547, 2.230000000000018, 0.7100000000000364, 0.8899999999998727, 0.6100000000001273, 0.7599999999997635]",1.3299999999999272,0.8800000000001091
34,1,130,82,58,4,350,9,0,0,-1,0,0,13.0600000000004,20.200000000000273,2.8299999999999272,1.2800000000002,"[0.6199999999998909, 0.8500000000003638, 0.569999999999709, 0.7200000000002547, 2.380000000000109, 1.199999999999818, 2.449999999999818, 0.8400000000001455]",[],"[1.5599999999999454, 0.7100000000000364, 1.5499999999997272, 1.3200000000001637, 0.7300000000000182, 0.7100000000000364, 1.2199999999998, 1.0700000000001637]",0.6000000000003638,10.050000000000182
35,1,131,83,59,3,200,10,1,14,1,-1,0,24.270000000000437,30.009999999999764,7.400000000000546,2.0900000000001455,"[0.9299999999993815, 0.6100000000005821, 1.8599999999996726, 1.8800000000001091, 4.130000000000109, 1.4899999999997817, 0.8599999999996726, 2.5900000000001455]","[2.330000000000382, 0.2899999999999636, 0.23999999999978172, 0.6799999999998363, 0.20000000000027285, 0.2300000000000182, 0.21000000000003638, 0.19000000000005457, 0.18999999999959982, 0.21000000000003638, 1.080000000000382, 0.1999999999998181, 0.1999999999998181, 0.18000000000029104]","[0.7899999999999636, 0.7100000000000364, 0.9800000000000182, 0.6899999999995998, 0.7699999999999818, 0.7100000000000364, 0.6700000000000728, 0.75, 0.8000000000001819, 0.7199999999997999, 0.5500000000001819, 0.38999999999987267, 0.47000000000025466, 0.7899999999999636, 0.7899999999999636, 0.5799999999999272, 0.7199999999997999, 0.4099999999998545, 0.7400000000002365, 1.8899999999998727, 0.5499999999997272, 2.0400000000004184, 1.1499999999996362]",2.5200000000004366,2.8299999999999272
36,1,132,84,60,3,200,9,1,20,0,-3,0,23.650000000000546,36.76999999999998,13.090000000000146,2.480000000000018,"[0.8600000000005821, 1.0399999999999636, 2.759999999999309, 0.7000000000007276, 4.1599999999998545]","[3.099999999999909, 0.2699999999999818, 0.2300000000000182, 0.1999999999998181, 0.21000000000003638, 0.19000000000005457, 0.25, 0.44000000000005457, 0.21000000000003638, 0.1999999999998181, 0.18000000000029104, 0.21000000000003638, 0.7600000000002183, 0.21000000000003638, 0.21000000000003638, 0.19000000000005457, 0.2300000000000182, 0.1999999999998181, 0.19000000000005457, 0.21000000000003638]","[1.300000000000182, 1.2899999999999636, 0.6100000000001273, 0.6099999999996726, 1.4700000000002547, 1.4600000000000364, 0.3200000000001637, 1.7999999999997272, 0.6400000000003274, 0.8799999999996544, 0.8200000000001637, 2.1799999999998363, 0.6999999999998181, 0.680000000000291, 0.4600000000000364, 1.0199999999999818, 0.4899999999997817, 1.0300000000002, 0.6299999999996544, 0.7999999999997272, 0.8600000000001273, 1.0799999999999272, 0.41000000000030923, 0.6199999999998909, 0.6799999999998363, 0.6400000000003274, 1.0199999999999818, 0.9599999999995816]",1.0399999999999636,0.9400000000000546
37,1,133,85,61,8,500,9,1,18,-3,-1,0,18.920000000000073,32.4699999999998,9.590000000000146,3.3299999999999272,"[0.8000000000001819, 0.5399999999999636, 0.9600000000000364, 1.269999999999527, 3.5700000000006185, 0.75, 0.8400000000001455]","[2.5299999999997453, 0.20000000000027285, 0.19000000000005457, 0.19000000000005457, 0.1999999999998181, 0.38000000000010914, 0.27999999999974534, 0.5100000000002183, 0.7699999999999818, 0.2199999999997999, 0.9299999999998363, 0.20000000000027285, 0.21000000000003638, 0.44000000000005457, 0.31999999999970896, 0.2600000000002183, 0.4299999999998363, 0.4800000000000182]","[0.7599999999997635, 0.7200000000002547, 0.5, 0.6399999999998727, 0.7199999999997999, 0.830000000000382, 0.8899999999998727, 0.40000000000009095, 0.6399999999998727, 2.0700000000001637, 1.0499999999997272, 0.47000000000025466, 0.42000000000007276, 0.7300000000000182, 0.42000000000007276, 0.5199999999999818, 1.0900000000001455, 0.900000000000091, 0.7399999999997817, 0.5599999999999454, 0.5799999999999272, 1.0599999999999454]",0.5999999999994543,1.5
38,1,134,86,62,3,200,8,0,0,-1,0,0,34.900000000000546,11.790000000000418,20.800000000000182,4.440000000000055,"[1.4899999999997817, 0.9600000000000364, 0.680000000000291, 1.449999999999818, 5.140000000000327, 0.6999999999998181, 0.8500000000003638]",[],"[0.8500000000003638, 0.8099999999999454, 0.6099999999996726, 1.1600000000003092, 0.9600000000000364, 0.5, 1.3299999999999272]",2.8299999999999272,1.1300000000001091
39,1,135,87,63,4,350,9,0,0,0,-2,-1,13.270000000000437,17.940000000000055,3.980000000000473,4.440000000000055,"[0.7600000000002183, 1.4600000000000364, 1.8699999999998909, 0.9699999999993452, 0.8900000000003274, 1.199999999999818]",[],"[5.940000000000055, 1.1700000000000728, 0.4899999999997817, 0.5100000000002183, 0.599999999999909, 0.7999999999997272, 1.25]",2.1400000000003274,2.7400000000002365
40,1,136,88,64,4,200,8,1,7,0,0,0,14.899999999999636,22.65000000000009,7.5900000000001455,2.650000000000091,"[0.5299999999997453, 0.8299999999999272, 1.2100000000000364, 0.6400000000003274, 1.1300000000001091, 0.6999999999998181, 1.4600000000000364]","[3.130000000000109, 0.2199999999997999, 0.19000000000005457, 0.20000000000027285, 0.2199999999997999, 0.21000000000003638, 0.2199999999997999]","[0.5199999999999818, 1.6599999999998545, 1.1799999999998363, 0.6600000000003092, 0.5899999999996908, 0.6300000000001091, 3.830000000000382, 0.7299999999995634, 0.680000000000291, 0.5599999999999454, 0.4299999999998363, 0.6600000000003092, 0.6999999999998181, 2.1700000000000728]",0.8099999999994907,0.6100000000001273
41,1,137,89,65,6,350,9,1,12,-1,-1,-1,22.210000000000036,42.850000000000364,13.489999999999782,10.670000000000073,"[0.5, 0.8000000000001819, 2.389999999999418, 0.8500000000003638, 0.5399999999999636, 1.0200000000004366, 0.6699999999991633]","[1.3200000000001637, 0.21000000000003638, 0.18999999999959982, 0.21000000000003638, 0.18000000000029104, 0.21000000000003638, 0.2199999999997999, 0.32999999999992724, 2.8400000000001455, 0.36999999999989086, 0.3400000000001455, 1.8699999999998909]","[0.5300000000002001, 1.0899999999996908, 1.8100000000004002, 0.6599999999998545, 0.6700000000000728, 1.7300000000000182, 1.1399999999998727, 3.369999999999891, 1.7600000000002183, 0.650000000000091, 1.1300000000001091, 0.5499999999997272, 1.0, 0.47000000000025466, 1.199999999999818, 0.31999999999970896, 0.6900000000000546, 1.7300000000000182, 1.3099999999999454]",1.9500000000007276,2.080000000000382
42,1,138,90,66,7,500,8,1,7,-3,-1,0,27.920000000000073,41.16999999999962,14.0,7.2599999999997635,"[0.7600000000002183, 0.4899999999997817, 2.149999999999636, 1.1900000000005093, 1.3999999999996362, 1.0100000000002183]","[5.6599999999998545, 0.43000000000029104, 0.1799999999998363, 0.22000000000025466, 0.1999999999998181, 0.1999999999998181, 0.2899999999999636]","[1.5799999999999272, 1.2600000000002183, 1.5799999999999272, 1.1700000000000728, 1.2399999999997817, 1.3800000000001091, 1.4800000000000182, 0.4800000000000182, 0.8400000000001455, 1.1100000000001273, 0.6199999999998909, 1.7199999999998, 1.180000000000291, 3.299999999999727]",6.920000000000073,7.789999999999964
43,1,139,91,67,5,350,11,1,11,-1,0,-1,22.50999999999931,43.039999999999964,1.1899999999995998,13.200000000000273,"[0.8400000000001455, 3.800000000000182, 5.3400000000001455, 0.8099999999994907, 0.8200000000006185, 1.0299999999997453, 0.8400000000001455, 4.219999999999345, 1.1900000000005093, 0.9200000000000728]","[2.599999999999909, 0.2600000000002183, 0.2199999999997999, 0.25, 0.2300000000000182, 0.21000000000003638, 0.34999999999990905, 1.550000000000182, 0.27999999999974534, 1.349999999999909, 0.2899999999999636]","[2.399999999999636, 1.9200000000000728, 0.849999999999909, 0.830000000000382, 2.3099999999999454, 0.8899999999998727, 0.7300000000000182, 1.0599999999999454, 0.8299999999999272, 0.3400000000001455, 1.099999999999909, 0.6200000000003456, 0.6099999999996726, 0.6600000000003092, 0.7699999999999818, 0.6599999999998545, 0.7000000000002728, 0.849999999999909, 1.5199999999999818, 1.800000000000182]",1.5099999999993088,0.7999999999997272
44,1,140,92,68,4,200,6,0,0,0,0,0,41.1899999999996,19.90000000000009,32.090000000000146,13.050000000000182,"[0.5299999999997453, 1.5299999999997453, 0.9200000000000728, 2.630000000000109, 1.4200000000000728]",[],"[0.7799999999997453, 0.7699999999999818, 0.9500000000002728, 1.9299999999998363, 0.7800000000002001]",2.069999999999709,1.6399999999998727
45,1,141,93,69,3,200,9,0,0,0,-1,0,31.49000000000069,10.759999999999764,19.980000000000473,2.0599999999999454,"[1.5900000000001455, 0.7299999999995634, 1.8299999999999272, 1.9400000000005093, 1.7399999999997817, 0.9799999999995634, 0.9800000000004729]",[],"[0.7300000000000182, 1.2400000000002365, 0.7699999999995271, 1.25, 0.5799999999999272, 1.2900000000008731, 0.6699999999991633, 0.6200000000008004]",1.7200000000002547,1.5499999999992724
46,1,142,94,70,5,200,8,1,15,0,0,0,8.930000000000291,35.220000000000255,2.4200000000000728,5.25,"[0.5500000000001819, 0.5500000000001819, 0.75, 1.3099999999994907, 0.6300000000001091, 0.6199999999998909, 0.680000000000291]","[2.0799999999999272, 0.25, 0.22000000000025466, 0.25, 0.7100000000000364, 0.9600000000000364, 0.22000000000025466, 0.22000000000025466, 0.18999999999959982, 0.4099999999998545, 0.7700000000004366, 0.22000000000025466, 0.21999999999934516, 0.21000000000003638, 0.27999999999974534]","[1.430000000000291, 1.0600000000004002, 0.5199999999995271, 0.75, 0.930000000000291, 3.759999999999309, 1.3900000000003274, 0.42000000000007276, 0.7600000000002183, 1.2899999999999636, 0.589999999999236, 0.6700000000000728, 0.8299999999999272, 0.5900000000001455, 0.680000000000291, 0.4499999999998181, 0.43000000000029104, 0.819999999999709, 0.6700000000000728, 0.7800000000006548]",1.4200000000000728,2.019999999999527
47,1,143,95,71,4,350,8,1,14,0,0,0,15.38000000000011,53.05000000000018,3.5900000000001455,16.529999999999745,"[0.6899999999995998, 1.430000000000291, 1.4899999999997817, 2.369999999999891, 1.230000000000473, 1.3999999999996362, 0.5900000000001455]","[1.6099999999996726, 0.25, 0.6100000000005821, 0.18999999999959982, 0.1999999999998181, 0.2600000000002183, 0.23000000000047294, 1.1199999999998909, 0.18999999999959982, 0.19000000000050932, 0.18999999999959982, 0.21000000000003638, 0.9000000000005457, 0.27999999999974534]","[1.2600000000002183, 0.7700000000004366, 0.819999999999709, 0.6700000000000728, 1.4200000000000728, 2.449999999999818, 1.3999999999996362, 0.9700000000002547, 1.639999999999418, 0.7800000000006548, 0.9899999999997817, 1.6400000000003274, 1.2299999999995634, 1.300000000000182, 0.9700000000002547, 0.75, 0.6999999999998181, 0.4899999999997817, 1.0600000000004002, 0.7599999999993088, 2.300000000000182]",2.5900000000001455,5.720000000000255
48,2,96,24,0,6,350,8,1,5,1,0,0,12.550000000000182,47.289999999999964,4.850000000000364,16.91000000000031,"[0.6099999999996726, 0.4800000000000182, 0.7400000000002365, 2.0099999999997635, 1.1700000000000728, 0.650000000000091, 1.5299999999997453]","[6.119999999999891, 0.2800000000002001, 0.21000000000003638, 0.21000000000003638, 0.25999999999976353]","[1.1299999999996544, 0.7800000000002001, 0.6700000000000728, 1.9699999999998, 1.4500000000002728, 1.0899999999996908, 0.5500000000001819, 5.369999999999891, 0.5300000000002001, 0.9400000000000546, 1.069999999999709, 5.260000000000218]",0.5100000000002183,2.4899999999997817
49,2,97,25,1,4,350,6,1,4,1,0,0,11.13000000000011,23.860000000000127,4.7800000000002,8.460000000000036,"[1.9800000000000182, 0.9800000000000182, 0.6299999999996544, 0.7000000000002728, 1.949999999999818]","[2.1799999999998363, 0.20000000000027285, 0.2199999999997999, 0.21000000000003638]","[2.3299999999999272, 1.0199999999999818, 1.300000000000182, 1.4600000000000364, 0.6199999999998909, 0.650000000000091, 0.9800000000000182, 2.150000000000091, 1.6300000000001091]",0.11000000000012733,0.4499999999998181
50,2,98,26,2,7,500,9,1,3,-2,0,0,15.389999999999873,32.10999999999967,2.8099999999999454,4.170000000000073,"[1.2699999999999818, 0.8299999999999272, 0.5099999999997635, 0.8099999999999454, 0.9500000000002728, 3.1100000000001273, 0.9099999999998545, 2.9099999999998545]","[11.300000000000182, 0.2300000000000182, 1.0599999999999454]","[0.8899999999998727, 1.1599999999998545, 1.5700000000001637, 0.9299999999998363, 1.2200000000002547, 0.6399999999998727, 0.7399999999997817, 1.9200000000000728, 1.1300000000001091, 0.6499999999996362, 2.1600000000003092]",1.2800000000002,2.3399999999996908
51,2,99,27,3,8,500,9,1,14,-1,-2,-2,11.820000000000164,47.190000000000055,5.180000000000291,5.359999999999673,"[0.4800000000000182, 0.7199999999997999, 0.7899999999999636, 1.0799999999999272, 0.7800000000002001, 1.7400000000002365]","[4.789999999999964, 0.19000000000005457, 5.190000000000055, 0.25999999999976353, 0.19000000000005457, 0.19000000000005457, 0.19000000000005457, 0.21000000000003638, 8.109999999999673, 0.22000000000025466, 0.21000000000003638, 0.849999999999909, 0.1999999999998181, 0.21000000000003638]","[0.9200000000000728, 0.650000000000091, 0.599999999999909, 1.150000000000091, 0.6700000000000728, 0.7999999999997272, 0.6000000000003638, 2.3799999999996544, 1.3600000000001273, 0.7800000000002001, 0.6999999999998181, 0.6199999999998909, 0.6000000000003638, 2.880000000000109, 0.9699999999997999, 0.4800000000000182, 0.680000000000291, 1.6499999999996362, 0.6100000000001273, 0.8099999999999454]",1.0499999999997272,0.9100000000003092
52,2,100,28,4,3,200,9,1,7,0,-1,-1,14.349999999999909,31.54000000000042,2.769999999999982,6.2800000000002,"[1.4400000000000546, 0.8200000000001637, 0.9899999999997817, 1.3700000000003456, 1.8099999999999454, 2.3899999999998727, 1.9600000000000364]","[2.699999999999818, 0.20000000000027285, 0.23999999999978172, 0.22000000000025466, 0.3599999999996726, 0.6899999999995998, 3.2799999999997453]","[0.9600000000000364, 0.9200000000000728, 0.7399999999997817, 0.8200000000001637, 0.8099999999999454, 0.7900000000004184, 1.6200000000003456, 0.9400000000000546, 1.2899999999999636, 0.4699999999997999, 0.6700000000000728, 0.47000000000025466, 3.0599999999999454, 1.3600000000001273]",0.7999999999997272,2.650000000000091
53,2,101,29,5,9,500,8,0,0,0,-2,-1,18.4699999999998,19.38000000000011,5.900000000000091,14.460000000000036,"[5.299999999999727, 2.5, 1.430000000000291, 0.6199999999998909, 1.3899999999998727]",[],"[0.6300000000001091, 0.4099999999998545, 0.4600000000000364, 0.6100000000001273, 0.5399999999999636, 0.5599999999999454]",1.3299999999999272,1.7100000000000364
54,2,102,30,6,3,200,9,1,1,0,0,-1,26.669999999999618,29.570000000000164,3.6599999999998545,6.9900000000002365,"[13.7199999999998, 0.8000000000001819, 0.6199999999998909, 0.43000000000029104, 1.5599999999999454, 2.5299999999997453, 1.2800000000002, 0.8399999999996908]",[4.7199999999998],"[0.8899999999998727, 0.5, 0.6300000000001091, 0.38999999999987267, 10.420000000000073, 0.8899999999998727, 0.680000000000291, 1.5599999999999454]",1.2300000000000182,1.900000000000091
55,2,103,31,7,8,500,8,0,0,-1,0,0,12.63000000000011,13.049999999999727,5.900000000000091,7.929999999999836,"[0.5199999999999818, 1.3900000000003274, 0.7399999999997817, 0.4499999999998181, 0.45000000000027285, 0.9699999999997999, 0.8299999999999272]",[],"[0.900000000000091, 0.7300000000000182, 0.5199999999999818, 0.75, 0.6999999999998181, 0.6599999999998545, 0.7800000000002001]",1.3800000000001091,0.07999999999992724
56,2,104,32,8,5,350,8,0,0,2,0,0,14.419999999999618,10.539999999999964,2.849999999999909,3.0900000000001455,"[6.089999999999691, 0.9400000000000546, 0.5199999999999818, 0.6100000000001273, 1.7699999999999818, 0.6700000000000728, 0.5399999999999636]",[],"[0.6399999999998727, 0.650000000000091, 0.7600000000002183, 1.849999999999909, 0.5499999999997272, 0.7300000000000182, 1.0399999999999636]",0.4299999999998363,1.2300000000000182
57,2,105,33,9,5,350,9,1,1,0,-2,-2,22.759999999999764,45.2199999999998,5.1599999999998545,14.480000000000018,"[7.1599999999998545, 3.450000000000273, 1.6599999999998545, 1.349999999999909, 1.0300000000002, 2.2399999999997817]",[8.139999999999873],"[1.8599999999996726, 0.43000000000029104, 0.6299999999996544, 0.9100000000003092, 0.8400000000001455, 0.44000000000005457, 17.109999999999673]",0.7100000000000364,0.38000000000010914
58,2,106,34,10,6,350,8,0,0,0,0,0,10.0300000000002,18.769999999999982,3.4299999999998363,12.25,"[1.0700000000001637, 0.7699999999999818, 1.3899999999998727, 0.5199999999999818, 0.9700000000002547, 0.5899999999996908, 1.1700000000000728]",[],"[0.6199999999998909, 0.6000000000003638, 0.6199999999998909, 0.5199999999999818, 0.9699999999997999, 0.45000000000027285, 1.569999999999709]",0.12000000000034561,1.1700000000000728
59,2,107,35,11,8,500,11,1,7,0,-1,-1,17.300000000000182,33.23000000000002,3.400000000000091,7.5300000000002,"[2.1099999999996726, 0.6100000000001273, 0.930000000000291, 0.8799999999996544, 0.7300000000000182, 0.7200000000002547, 3.519999999999982, 1.7100000000000364, 0.8099999999999454]","[6.9699999999998, 0.22000000000025466, 0.2300000000000182, 0.2199999999997999, 0.3200000000001637, 0.31999999999970896, 4.820000000000164]","[1.5199999999999818, 0.5500000000001819, 0.4499999999998181, 0.5099999999997635, 0.7900000000004184, 0.5799999999999272, 0.6900000000000546, 0.5899999999996908, 1.3700000000003456, 0.8299999999999272, 0.4099999999998545, 0.5900000000001455, 0.6100000000001273, 0.4299999999998363, 0.849999999999909, 1.0900000000001455]",1.8800000000001091,0.7399999999997817
60,2,108,36,12,3,200,8,1,5,-1,-1,-1,17.289999999999964,31.820000000000164,10.279999999999745,10.050000000000182,"[0.6100000000001273, 2.0599999999999454, 1.4800000000000182, 0.7100000000000364, 0.9400000000000546, 0.44000000000005457]","[1.3599999999996726, 1.4200000000000728, 0.21000000000003638, 0.19000000000005457, 0.19000000000005457]","[1.0, 0.9200000000000728, 1.0799999999999272, 1.4400000000000546, 1.7199999999998, 4.670000000000073, 0.7899999999999636, 1.3899999999998727, 2.0, 0.8000000000001819, 1.5299999999997453]",0.7699999999999818,1.0600000000004002
61,2,109,37,13,7,500,10,0,0,-1,0,0,10.440000000000055,22.139999999999873,2.0299999999997453,3.380000000000109,"[0.680000000000291, 1.3099999999999454, 0.42000000000007276, 0.4600000000000364, 0.8399999999996908, 0.42000000000007276, 0.4600000000000364, 1.8099999999999454, 0.8899999999998727]",[],"[3.75, 1.3099999999999454, 0.8000000000001819, 0.4099999999998545, 0.7100000000000364, 0.7399999999997817, 0.6400000000003274, 6.980000000000018, 2.849999999999909]",1.1200000000003456,0.569999999999709
62,2,110,38,14,8,500,9,1,5,-2,0,-1,9.700000000000273,27.720000000000255,2.6700000000000728,6.450000000000273,"[1.4800000000000182, 0.43000000000029104, 0.7699999999999818, 0.5, 0.5899999999996908, 0.42000000000007276, 0.9200000000000728, 0.5399999999999636]","[2.0700000000001637, 0.18999999999959982, 0.25, 0.22000000000025466, 0.6999999999998181]","[1.0, 0.8599999999996726, 0.5100000000002183, 2.0, 6.200000000000273, 0.4299999999998363, 0.5599999999999454, 0.5199999999999818, 1.8400000000001455, 1.4099999999998545, 0.8699999999998909, 0.930000000000291]",1.3800000000001091,0.7100000000000364
63,2,111,39,15,2,200,8,1,5,0,-1,0,11.639999999999873,29.88000000000011,4.609999999999673,11.989999999999782,"[0.5, 2.75, 0.6900000000000546, 0.7699999999999818, 0.680000000000291, 0.6999999999998181]","[4.539999999999964, 0.21000000000003638, 0.17000000000007276, 0.2899999999999636, 0.4099999999998545]","[0.6400000000003274, 0.7100000000000364, 2.6099999999996726, 1.3800000000001091, 0.5300000000002001, 0.8299999999999272, 0.4499999999998181, 0.900000000000091, 0.9100000000003092, 1.5499999999997272, 0.47000000000025466, 0.5799999999999272]",0.9400000000000546,0.7100000000000364
64,2,112,40,16,9,500,8,1,11,0,-1,0,16.15000000000009,34.690000000000055,9.470000000000255,4.519999999999982,"[0.6999999999998181, 0.6300000000001091, 0.75, 0.9600000000000364, 1.3799999999996544, 1.430000000000291]","[1.569999999999709, 0.18000000000029104, 0.19000000000005457, 0.31999999999970896, 1.9600000000000364, 2.4100000000003092, 0.8999999999996362, 0.8600000000001273, 0.1499999999996362, 0.2300000000000182, 0.22000000000025466]","[2.8700000000003456, 0.669999999999618, 0.5500000000001819, 1.8200000000001637, 0.9700000000002547, 0.7999999999997272, 1.8600000000001273, 1.7400000000002365, 0.4399999999995998, 0.7000000000002728, 1.4899999999997817, 1.1700000000000728, 1.1300000000001091, 1.0599999999999454, 0.6900000000000546, 1.069999999999709, 0.44000000000005457, 0.8700000000003456]",0.8299999999999272,0.8399999999996908
65,2,113,41,17,3,200,7,0,0,0,-1,-1,12.159999999999854,28.460000000000036,5.829999999999927,17.820000000000164,"[0.849999999999909, 0.680000000000291, 0.9899999999997817, 1.6400000000003274, 1.7099999999995816]",[],"[1.6099999999996726, 0.5900000000001455, 0.7800000000002001, 0.8099999999999454, 5.319999999999709]",0.4600000000000364,1.5300000000002
66,2,114,42,18,6,500,9,0,0,0,0,0,12.620000000000346,11.759999999999764,5.510000000000218,3.1799999999998363,"[0.4600000000000364, 0.7300000000000182, 0.9400000000000546, 1.0199999999999818, 0.8399999999996908, 0.930000000000291, 1.0799999999999272, 0.6599999999998545]",[],"[1.550000000000182, 1.2599999999997635, 0.9900000000002365, 0.9099999999998545, 0.40000000000009095, 0.7199999999997999, 1.0100000000002183, 1.0099999999997635]",0.45000000000027285,0.7300000000000182
67,2,115,43,19,5,350,7,1,9,0,-2,0,11.809999999999945,44.40000000000009,2.5100000000002183,12.58999999999969,"[2.299999999999727, 4.370000000000346, 1.0799999999999272, 0.819999999999709]","[2.6799999999998363, 0.19000000000005457, 0.21000000000003638, 0.21000000000003638, 0.2899999999999636, 1.8800000000001091, 4.150000000000091, 0.21000000000003638, 0.21000000000003638]","[0.7200000000002547, 1.2199999999998, 2.300000000000182, 0.4899999999997817, 3.950000000000273, 4.929999999999836, 1.150000000000091, 0.569999999999709, 1.300000000000182, 1.3299999999999272, 0.8099999999999454, 0.5399999999999636, 0.34999999999990905, 0.9500000000002728, 0.4099999999998545]",0.7300000000000182,0.7600000000002183
68,2,116,44,20,5,350,8,0,0,0,0,-1,10.900000000000091,12.059999999999945,4.120000000000346,3.549999999999727,"[0.9400000000000546, 0.6899999999995998, 1.2300000000000182, 0.9200000000000728, 0.900000000000091, 0.5799999999999272, 0.6399999999998727]",[],"[1.2699999999999818, 0.9500000000002728, 1.1099999999996726, 0.900000000000091, 1.9099999999998545, 1.1700000000000728]",0.8800000000001091,1.2000000000002728
69,2,117,45,21,9,500,8,0,0,-1,0,0,21.269999999999982,8.639999999999873,12.61999999999989,3.4099999999998545,"[1.9600000000000364, 2.3200000000001637, 0.5599999999999454, 1.0300000000002, 0.6299999999996544, 0.7300000000000182, 0.7600000000002183]",[],"[0.650000000000091, 0.4699999999997999, 0.5, 1.180000000000291, 0.849999999999909, 0.42000000000007276, 0.45999999999958163]",0.6599999999998545,0.7000000000002728
70,2,118,46,22,10,500,8,1,2,-1,-1,0,13.210000000000036,30.11999999999989,6.140000000000327,9.629999999999654,"[2.5299999999997453, 0.7899999999999636, 0.38000000000010914, 0.8899999999998727, 0.5300000000002001, 0.6100000000001273]","[3.4600000000000364, 1.5099999999997635]","[4.690000000000055, 1.099999999999909, 0.7400000000002365, 1.4099999999998545, 0.849999999999909, 1.300000000000182, 1.1100000000001273, 1.9200000000000728, 1.75]",1.3399999999996908,0.650000000000091
71,2,119,47,23,5,350,9,1,1,0,-1,-1,16.29000000000042,16.550000000000182,5.5300000000002,3.6900000000000546,"[5.380000000000109, 0.8399999999996908, 1.080000000000382, 0.4899999999997817, 0.4299999999998363, 1.0400000000004184, 0.5899999999996908]",[4.829999999999927],"[1.0199999999999818, 0.830000000000382, 0.5799999999999272, 1.0399999999999636, 0.6900000000000546, 0.5799999999999272, 0.5500000000001819, 0.7199999999997999]",0.9100000000003092,2.019999999999982
72,2,120,48,72,4,350,9,1,7,-1,0,0,22.550000000000182,35.129999999999654,8.86999999999989,11.509999999999764,"[2.4900000000002365, 2.769999999999982, 2.7800000000002, 0.8299999999999272, 0.569999999999709, 1.4600000000000364, 1.0700000000001637, 0.849999999999909]","[9.090000000000146, 0.1999999999998181, 0.17000000000007276, 0.21000000000003638, 0.21000000000003638, 0.23999999999978172, 0.34999999999990905]","[0.580000000000382, 1.1299999999996544, 0.650000000000091, 0.7699999999999818, 0.650000000000091, 0.7100000000000364, 0.680000000000291, 1.7100000000000364, 0.5999999999994543, 1.230000000000473, 0.569999999999709, 0.7399999999997817, 1.0700000000006185, 0.6099999999996726, 0.8900000000003274]",0.8600000000001273,0.5599999999994907
73,2,121,49,73,2,200,9,1,1,0,0,0,8.88000000000011,24.26000000000022,2.299999999999727,3.4200000000000728,"[1.180000000000291, 0.5399999999999636, 0.44000000000005457, 0.6199999999998909, 1.6700000000000728, 0.5299999999997453, 0.6900000000000546, 0.5399999999999636]",[3.7100000000000364],"[8.680000000000291, 0.7699999999995271, 0.6199999999998909, 1.9000000000005457, 1.6599999999998545, 0.8899999999994179, 0.4500000000007276, 1.1899999999995998, 0.6400000000003274]",0.3700000000003456,0.32999999999992724
74,2,122,50,74,5,350,8,1,12,0,-1,0,16.41000000000031,29.270000000000437,10.830000000000382,6.260000000000218,"[0.5899999999996908, 0.6700000000000728, 0.4800000000000182, 1.3899999999998727, 1.2600000000002183, 0.6300000000001091]","[1.3999999999996362, 0.19000000000050932, 0.21000000000003638, 0.1999999999998181, 0.27999999999974534, 0.36999999999989086, 3.3299999999999272, 0.19000000000050932, 0.18999999999959982, 0.19000000000050932, 0.17999999999938154, 0.2000000000007276]","[0.8299999999999272, 0.5599999999994907, 0.8100000000004002, 0.8999999999996362, 0.5200000000004366, 0.6500000000005457, 0.75, 1.2600000000002183, 0.42999999999938154, 1.2100000000000364, 1.3299999999999272, 0.9099999999998545, 0.9600000000000364, 0.75, 0.4600000000000364, 0.9600000000000364, 0.5799999999999272, 0.5, 1.2100000000000364]",0.5599999999999454,0.5
75,2,123,51,75,2,200,10,0,0,1,0,0,9.769999999999982,12.109999999999673,1.7699999999999818,2.4099999999998545,"[0.7200000000002547, 0.7100000000000364, 0.5, 0.4699999999997999, 0.5700000000001637, 0.8299999999999272, 0.4600000000000364, 1.0900000000001455, 2.4899999999997817]",[],"[1.0299999999997453, 0.7100000000000364, 0.8000000000001819, 0.8599999999996726, 0.9400000000005093, 2.469999999999345, 0.8200000000006185, 0.47999999999956344, 1.1199999999998909]",0.15999999999985448,0.47000000000025466
76,2,124,52,76,7,500,8,1,3,-1,0,-1,10.090000000000146,18.980000000000473,2.730000000000018,4.150000000000546,"[2.0, 0.599999999999909, 1.0199999999999818, 1.0100000000002183, 0.6599999999998545, 0.6900000000000546, 0.9400000000000546]","[1.2799999999997453, 1.3800000000001091, 0.25]","[1.430000000000291, 3.1099999999996726, 0.8100000000004002, 0.839999999999236, 1.0700000000006185, 0.8599999999996726, 0.5, 0.4600000000000364, 2.0200000000004366]",0.44000000000005457,0.819999999999709
77,2,125,53,77,4,200,8,0,0,1,-1,0,11.149999999999636,12.079999999999927,3.0899999999996908,5.460000000000036,"[1.2200000000002547, 1.7300000000000182, 1.25, 1.7699999999999818, 0.6300000000001091, 0.5799999999999272]",[],"[0.7899999999999636, 0.6700000000000728, 0.5900000000001455, 0.8699999999998909, 2.1700000000000728, 0.5799999999999272, 0.8400000000001455]",0.8799999999996544,0.10999999999967258
78,2,126,54,78,6,500,7,0,0,0,-2,0,11.390000000000327,12.6899999999996,5.680000000000291,5.539999999999964,"[0.9099999999998545, 0.6300000000001091, 0.8299999999999272, 2.8299999999999272]",[],"[0.9899999999997817, 0.6100000000005821, 1.75, 1.4399999999995998, 1.180000000000291, 0.5799999999999272]",0.5100000000002183,0.5999999999994543
79,2,127,55,79,2,200,9,1,7,0,0,0,13.480000000000018,33.650000000000546,3.330000000000382,12.580000000000837,"[0.8599999999996726, 0.75, 0.5500000000001819, 3.5799999999999272, 0.9900000000002365, 0.7999999999997272, 0.8099999999999454, 1.0900000000001455]","[0.819999999999709, 0.21000000000003638, 0.17000000000007276, 0.18999999999959982, 0.1999999999998181, 0.32999999999992724, 0.3400000000001455]","[0.6399999999994179, 0.7100000000000364, 2.5299999999997453, 0.6900000000005093, 1.199999999999818, 1.0200000000004366, 1.300000000000182, 0.6999999999998181, 1.550000000000182, 3.2399999999997817, 0.7000000000007276, 0.7100000000000364, 0.7199999999993452, 0.680000000000291, 1.8900000000003274]",0.7199999999997999,0.5299999999997453
80,2,128,56,80,7,500,9,0,0,-1,0,0,12.539999999999964,16.850000000000364,2.5599999999999454,4.180000000000291,"[1.0600000000004002, 2.3599999999996726, 0.6700000000000728, 0.9800000000000182, 0.8299999999999272, 0.6300000000001091, 1.4099999999998545, 1.9200000000000728]",[],"[0.5499999999992724, 2.4700000000002547, 0.5, 0.4400000000005093, 0.6199999999998909, 0.7899999999999636, 0.6599999999998545, 6.300000000000182]",0.11999999999989086,0.3400000000001455
81,2,129,57,81,5,350,8,1,2,0,0,0,12.040000000000418,27.289999999999964,4.230000000000018,4.280000000000655,"[0.7200000000002547, 0.7799999999997453, 0.3700000000003456, 2.049999999999727, 0.849999999999909, 2.0200000000004366, 0.5]","[1.0100000000002183, 0.18000000000029104]","[1.2100000000000364, 2.9600000000000364, 0.819999999999709, 6.069999999999709, 5.9099999999998545, 1.1899999999995998, 1.0, 1.0700000000006185, 0.9299999999993815]",0.5199999999999818,0.6599999999998545
82,2,130,58,82,4,350,9,0,0,0,-1,-1,11.320000000000164,15.840000000000146,2.3400000000001455,2.9399999999996,"[1.099999999999909, 0.5599999999999454, 0.4099999999998545, 0.6300000000001091, 4.309999999999945, 0.4299999999998363, 0.41000000000030923]",[],"[1.0, 0.5700000000006185, 0.47999999999956344, 2.149999999999636, 1.4200000000000728, 4.990000000000691, 1.319999999999709]",1.1300000000001091,0.9700000000002547
83,2,131,59,83,3,200,10,0,0,0,-2,-1,15.570000000000164,19.169999999999163,4.880000000000109,2.0599999999994907,"[5.4900000000002365, 1.0899999999996908, 0.5, 0.47000000000025466, 1.0299999999997453, 0.900000000000091, 0.6799999999998363]",[],"[2.4200000000000728, 2.3100000000004, 0.569999999999709, 0.8400000000001455, 1.300000000000182, 0.7699999999995271, 1.0600000000004002, 7.339999999999236]",0.5300000000002001,0.5
84,2,132,60,84,3,200,9,0,0,0,-2,0,17.210000000000036,17.840000000000146,8.740000000000236,8.979999999999563,"[1.0499999999997272, 4.070000000000164, 0.650000000000091, 0.4600000000000364, 0.6099999999996726, 1.3299999999999272]",[],"[2.230000000000473, 1.1899999999995998, 0.8800000000001091, 0.7700000000004366, 0.5999999999994543, 0.48000000000047294, 1.449999999999818, 0.8900000000003274]",0.3000000000001819,0.36999999999989086
85,2,133,61,85,8,500,9,0,0,-2,0,0,12.769999999999982,12.760000000000218,2.380000000000109,5.920000000000073,"[0.6999999999998181, 1.0700000000001637, 0.5799999999999272, 0.40000000000009095, 0.4899999999997817, 5.099999999999909, 1.150000000000091, 0.43000000000029104]",[],"[0.4499999999998181, 0.7000000000007276, 0.5399999999999636, 0.42999999999938154, 0.47000000000025466, 1.569999999999709, 0.8200000000006185, 1.3699999999998909]",0.4699999999997999,0.4899999999997817
86,2,134,62,86,3,200,8,0,0,-1,-1,0,9.710000000000036,28.340000000000146,2.1100000000001273,8.179999999999382,"[1.0, 0.4299999999998363, 2.6100000000001273, 0.9400000000000546, 1.25, 0.6599999999998545]",[],"[1.0399999999999636, 0.8400000000001455, 3.9500000000007276, 1.1899999999995998, 2.019999999999527, 0.8900000000003274, 9.760000000000218]",0.7100000000000364,0.47000000000025466
87,2,135,63,87,4,350,9,0,0,-1,0,0,13.460000000000036,12.8100000000004,4.809999999999945,2.1500000000005457,"[2.4700000000002547, 1.25, 0.6099999999996726, 0.8400000000001455, 0.38000000000010914, 0.5299999999997453, 0.930000000000291, 1.2899999999999636]",[],"[2.75, 2.819999999999709, 1.680000000000291, 0.9299999999993815, 0.5299999999997453, 0.5300000000006548, 0.7600000000002183, 0.5399999999999636]",0.34999999999990905,0.11999999999989086
88,2,136,64,88,4,200,8,1,2,0,0,0,13.7800000000002,19.590000000000146,6.940000000000055,4.860000000000582,"[0.45000000000027285, 0.819999999999709, 1.400000000000091, 0.8800000000001091, 0.900000000000091, 0.9399999999995998, 1.330000000000382]","[0.9099999999998545, 3.589999999999236]","[0.8599999999996726, 0.7700000000004366, 2.2100000000000364, 1.0999999999994543, 0.8000000000001819, 0.680000000000291, 2.040000000000873, 0.569999999999709, 0.930000000000291]",0.11999999999989086,0.26999999999952706
89,2,137,65,89,6,350,9,1,1,-1,-2,-1,18.13000000000011,18.550000000000182,7.329999999999927,5.769999999999527,"[1.1400000000003274, 4.379999999999654, 1.2699999999999818, 0.3700000000003456, 2.599999999999909, 0.7599999999997635]",[0.6700000000000728],"[0.8100000000004002, 0.7200000000002547, 5.769999999999527, 0.6199999999998909, 0.8800000000001091, 0.5500000000001819, 0.4600000000000364, 1.75]",0.2800000000002001,0.5500000000001819
90,2,138,66,90,7,500,8,0,0,-3,0,-1,17.4399999999996,17.649999999999636,10.929999999999836,6.309999999999491,"[0.7199999999997999, 0.4800000000000182, 0.7800000000002001, 1.3299999999999272, 1.0900000000001455, 0.9099999999998545, 0.6700000000000728]",[],"[2.350000000000364, 0.5399999999999636, 0.4499999999998181, 0.930000000000291, 6.069999999999709, 0.569999999999709]",0.5299999999997453,0.43000000000029104
91,2,139,67,91,5,350,11,1,2,-1,-2,-1,18.0,28.9399999999996,5.359999999999673,2.6299999999991996,"[5.620000000000346, 0.9099999999998545, 0.38000000000010914, 0.40000000000009095, 0.9699999999997999, 0.40000000000009095, 2.049999999999727, 0.6300000000001091]","[4.860000000000582, 0.569999999999709]","[6.150000000000546, 1.2299999999995634, 1.2200000000002547, 1.9700000000002547, 1.1499999999996362, 1.0299999999997453, 0.4900000000006912, 2.719999999999345, 0.8599999999996726, 1.7800000000006548, 1.7399999999997817]",1.2800000000002,0.5399999999999636
92,2,140,68,92,4,200,6,1,6,0,0,0,10.009999999999764,36.3100000000004,5.679999999999836,13.280000000000655,"[0.9200000000000728, 0.6099999999996726, 0.5500000000001819, 1.0, 0.75]","[5.829999999999927, 0.17000000000007276, 1.8999999999996362, 0.21000000000003638, 0.22000000000025466, 0.5799999999999272]","[1.75, 1.519999999999527, 0.6199999999998909, 0.6900000000005093, 2.0900000000001455, 0.5999999999994543, 0.5399999999999636, 0.7700000000004366, 0.6000000000003638, 0.7100000000000364, 3.8499999999994543]",0.5,0.38000000000010914
93,2,141,69,93,3,200,9,0,0,-1,-1,0,15.859999999999673,16.3100000000004,5.199999999999818,5.240000000000691,"[0.6100000000001273, 0.569999999999709, 1.0, 6.300000000000182, 0.4099999999998545, 0.5799999999999272, 1.0600000000004002]",[],"[1.0099999999993088, 3.1400000000003274, 1.7700000000004366, 0.6899999999995998, 0.6300000000001091, 0.819999999999709, 1.8500000000003638, 0.6700000000000728]",0.1299999999996544,0.4899999999997817
94,2,142,70,94,5,200,8,0,0,0,0,0,10.609999999999673,15.009999999999309,3.4699999999998,6.25,"[0.5199999999999818, 0.7100000000000364, 0.4499999999998181, 1.5, 0.7899999999999636, 0.7200000000002547, 2.2799999999997453]",[],"[2.2100000000000364, 0.8299999999999272, 0.9200000000000728, 0.7399999999997817, 1.519999999999527, 1.1000000000003638, 0.819999999999709]",0.17000000000007276,0.6199999999998909
95,2,143,71,95,4,350,8,0,0,0,0,0,22.59999999999991,23.32000000000062,16.73999999999978,10.930000000000291,"[0.8200000000001637, 0.9600000000000364, 0.9499999999998181, 0.7300000000000182, 0.5199999999999818, 0.7800000000002001, 0.4899999999997817]",[],"[0.8800000000001091, 0.8499999999994543, 1.1200000000008004, 0.6699999999991633, 0.7899999999999636, 0.9200000000000728, 7.039999999999964]",0.6100000000001273,0.12000000000080036
96,4,96,24,0,6,350,8,0,0,0,0,0,66.53999999999996,30.819999999999936,34.190000000000055,11.6099999999999,"[20.440000000000055, 3.9599999999995816, 1.2700000000004366, 0.5899999999996908, 0.9500000000002728, 1.069999999999709, 2.800000000000182]",[],"[2.740000000000009, 1.740000000000009, 0.5900000000001455, 2.1799999999998363, 1.6100000000001273, 1.25, 1.4600000000000364]",1.2699999999999818,7.639999999999873
97,4,97,25,1,4,350,6,0,0,1,0,0,45.559999999999945,46.38999999999987,36.789999999999964,17.909999999999854,"[1.0900000000001455, 0.7999999999997272, 1.050000000000182, 1.0399999999999636, 0.8299999999999272]",[],"[5.019999999999982, 3.630000000000109, 2.9600000000000364, 2.5599999999999454, 2.7200000000000273]",3.9600000000000364,11.589999999999918
98,4,98,26,2,7,500,9,0,0,-3,0,0,25.519999999999982,17.62000000000012,11.180000000000291,2.9400000000000546,"[2.0899999999996908, 0.7699999999999818, 1.0700000000001637, 1.0900000000001455, 1.4800000000000182, 3.2599999999997635, 0.8400000000001455, 1.2100000000000364]",[],"[1.8299999999999272, 0.7899999999999636, 0.9300000000000637, 1.2799999999999727, 0.5699999999999363, 2.800000000000182, 0.9499999999998181, 1.7800000000002]",2.5299999999997453,3.75
99,4,99,27,3,8,500,9,0,0,-1,-1,0,52.620000000000346,27.98999999999978,27.120000000000346,9.929999999999836,"[17.539999999999964, 1.3800000000001091, 0.9799999999995634, 0.7800000000002001, 0.7600000000002183, 0.8699999999998909, 1.1599999999998545]",[],"[5.029999999999973, 1.1100000000001273, 1.9300000000000637, 1.1899999999998272, 0.9100000000000819, 1.009999999999991, 1.1700000000000728, 1.099999999999909]",2.0300000000002,4.6099999999999
100,4,100,28,4,3,200,9,1,15,0,-1,-1,48.960000000000036,84.78999999999996,33.55000000000018,15.029999999999973,"[1.7300000000000182, 1.0599999999999454, 0.9600000000000364, 3.8299999999999272, 1.900000000000091, 0.8399999999996908, 1.1600000000003092]","[4.9500000000000455, 0.32999999999992724, 0.2699999999999818, 0.37000000000011823, 0.37999999999988177, 0.3200000000001637, 0.31999999999993634, 0.4900000000000091, 3.3999999999998636, 0.3100000000001728, 0.25, 0.2599999999999909, 0.32999999999992724, 0.34999999999990905, 0.2999999999999545]","[1.8099999999999454, 0.8000000000001819, 1.1499999999998636, 0.8800000000001091, 3.2799999999999727, 1.4400000000000546, 1.3899999999998727, 12.799999999999955, 1.009999999999991, 0.7999999999999545, 1.1800000000000637, 0.7799999999999727, 0.8200000000001637, 1.5399999999999636, 3.4600000000000364, 1.900000000000091, 0.6900000000000546, 1.0, 0.7599999999999909, 2.1099999999999, 1.1800000000000637, 1.349999999999909]",3.9299999999998363,15.0
101,4,101,29,5,9,500,8,1,17,-2,-1,-1,42.13999999999987,87.53999999999996,24.129999999999654,10.480000000000018,"[0.8200000000001637, 0.8299999999999272, 1.050000000000182, 0.819999999999709, 6.190000000000055, 1.830000000000382]","[11.689999999999827, 0.2800000000002001, 0.30999999999994543, 0.4600000000000364, 0.31999999999993634, 0.30999999999994543, 0.31999999999993634, 3.369999999999891, 0.39000000000010004, 0.2999999999999545, 0.2899999999999636, 0.2899999999999636, 0.3400000000001455, 1.759999999999991, 0.38999999999987267, 3.3200000000001637, 1.7899999999999636]","[5.779999999999973, 3.2799999999999727, 1.5699999999999363, 1.3099999999999454, 1.5600000000001728, 1.7699999999999818, 8.259999999999991, 1.25, 0.9900000000000091, 1.3900000000001, 1.3699999999998909, 0.9300000000000637, 1.3800000000001091, 2.119999999999891, 1.0199999999999818, 1.2699999999999818, 2.009999999999991, 1.3300000000001546, 1.0199999999999818, 3.560000000000173, 1.699999999999818, 1.7100000000000364, 1.1199999999998909]",6.4699999999998,3.4300000000000637
102,4,102,30,6,3,200,9,0,0,1,-1,0,68.34999999999991,26.86999999999989,20.15000000000009,5.5,"[35.029999999999745, 1.1200000000003456, 1.5599999999999454, 5.610000000000127, 0.819999999999709, 0.599999999999909, 1.0399999999999636]",[],"[9.309999999999945, 1.099999999999909, 1.3900000000001, 1.2100000000000364, 1.2999999999999545, 0.849999999999909, 1.3300000000001546, 2.5599999999999454]",2.4200000000000728,2.3199999999999363
103,4,103,31,7,8,500,8,0,0,0,0,0,30.75,35.149999999999864,19.909999999999854,8.349999999999909,"[1.2800000000002, 2.6599999999998545, 1.1600000000003092, 0.819999999999709, 0.9900000000002365, 1.3599999999996726, 1.1300000000001091]",[],"[1.400000000000091, 1.1800000000000637, 1.1699999999998454, 1.2200000000000273, 2.2100000000000364, 1.5499999999999545, 1.009999999999991]",1.4400000000000546,17.059999999999945
104,4,104,32,8,5,350,8,0,0,0,0,0,42.940000000000055,28.440000000000055,33.98999999999978,11.0300000000002,"[0.7899999999999636, 1.1200000000003456, 0.7799999999997453, 1.3899999999998727, 1.1300000000001091, 1.050000000000182, 1.0]",[],"[7.629999999999882, 0.9800000000000182, 0.5599999999999454, 0.8800000000001091, 0.8899999999998727, 1.2200000000000273, 0.9800000000000182]",1.6900000000000546,4.269999999999982
105,4,105,33,9,5,350,9,1,3,1,-1,-2,35.440000000000055,57.42000000000007,20.34999999999991,3.3600000000001273,"[1.1199999999998909, 0.5500000000001819, 0.569999999999709, 1.8700000000003456, 1.7300000000000182, 1.2300000000000182, 1.2300000000000182]","[7.119999999999891, 0.5799999999999272, 0.8400000000001455]","[1.5499999999999545, 0.9100000000000819, 4.929999999999836, 1.1400000000001, 0.9100000000000819, 0.5699999999999363, 15.279999999999973, 1.1099999999999, 1.1000000000001364]",6.789999999999964,18.019999999999982
106,4,106,34,10,6,350,8,1,15,0,0,-1,55.33000000000038,68.8599999999999,44.690000000000055,15.1099999999999,"[2.849999999999909, 1.1100000000001273, 1.7600000000002183, 0.7300000000000182, 1.4299999999998363, 0.7800000000002001, 1.099999999999909]","[7.430000000000064, 0.2699999999999818, 0.21000000000003638, 0.21000000000003638, 0.2599999999999909, 0.25, 0.2699999999999818, 6.380000000000109, 0.22000000000002728, 4.829999999999927, 0.3500000000001364, 0.2699999999999818, 0.2699999999999818, 0.2400000000000091, 0.31999999999993634]","[1.0, 1.7000000000000455, 0.9900000000000091, 1.7000000000000455, 1.1800000000000637, 3.349999999999909, 3.3099999999999454, 0.8399999999999181, 1.8599999999999, 0.9600000000000364, 0.7799999999999727, 0.7799999999999727, 1.0, 0.6800000000000637, 2.160000000000082, 1.2799999999999727, 0.5399999999999636, 0.9700000000000273, 1.4400000000000546, 1.599999999999909, 2.1700000000000728]",0.8800000000001091,1.6799999999998363
107,4,107,35,11,8,500,11,1,1,0,-1,-1,27.25,35.01999999999998,13.4699999999998,5.569999999999936,"[1.2199999999998, 1.75, 2.2900000000004184, 1.1599999999998545, 1.0, 1.1300000000001091, 1.4800000000000182, 1.099999999999909, 1.349999999999909]",[6.309999999999945],"[1.2300000000000182, 1.2200000000000273, 1.740000000000009, 2.6099999999999, 0.5600000000001728, 1.2100000000000364, 1.0599999999999454, 1.1099999999999, 0.9200000000000728, 0.9500000000000455]",1.300000000000182,10.529999999999973
108,4,108,36,12,3,200,8,1,10,0,0,0,66.62000000000035,41.13999999999987,55.88000000000011,4.9500000000000455,"[3.7200000000002547, 1.3699999999998909, 0.9299999999998363, 1.0799999999999272, 1.1300000000001091, 0.6799999999998363, 1.0100000000002183]","[3.9700000000000273, 0.31999999999993634, 0.6600000000000819, 5.309999999999945, 0.2799999999999727, 0.22000000000002728, 0.2999999999999545, 0.3100000000001728, 0.2999999999999545, 0.37999999999988177]","[0.9099999999998545, 0.9700000000000273, 2.400000000000091, 1.2199999999998, 0.9100000000000819, 0.9200000000000728, 0.8899999999998727, 1.1800000000000637, 0.75, 2.300000000000182, 3.3299999999999272, 0.8900000000001, 1.0799999999999272, 0.9200000000000728, 0.6099999999999, 0.7000000000000455, 1.009999999999991]",0.8200000000001637,3.1499999999998636
109,4,109,37,13,7,500,10,0,0,0,-1,0,52.289999999999964,22.220000000000027,6.460000000000036,6.110000000000127,"[19.019999999999982, 12.359999999999673, 0.7699999999999818, 3.0400000000004184, 0.7399999999997817, 1.3699999999998909, 0.7000000000002728, 6.099999999999909]",[],"[1.4700000000000273, 0.8899999999998727, 0.8300000000001546, 1.599999999999909, 0.5899999999999181, 1.040000000000191, 1.1399999999998727, 2.4700000000000273, 0.9100000000000819]",1.7300000000000182,5.169999999999845
110,4,110,38,14,8,500,9,1,3,-1,-1,-1,68.13999999999987,29.940000000000055,55.25,10.670000000000073,"[0.819999999999709, 4.400000000000091, 1.050000000000182, 2.549999999999727, 0.7699999999999818, 1.5, 0.9500000000002728]","[3.0299999999999727, 0.39000000000010004, 1.0699999999999363]","[0.599999999999909, 1.2000000000000455, 1.400000000000091, 1.8999999999998636, 1.650000000000091, 1.3399999999999181, 1.25, 0.7899999999999636, 1.1900000000000546, 1.0299999999999727]",0.849999999999909,2.4300000000000637
111,4,111,39,15,2,200,8,1,7,0,-1,-1,78.61000000000013,61.76999999999998,66.34000000000015,15.8599999999999,"[5.699999999999818, 0.6400000000003274, 0.6899999999995998, 1.0700000000001637, 1.2600000000002183, 0.7999999999997272]","[3.349999999999909, 0.30999999999994543, 0.2400000000000091, 0.2899999999999636, 0.3300000000001546, 0.36999999999989086, 0.34999999999990905]","[9.160000000000082, 1.3500000000001364, 0.9099999999998545, 1.5799999999999272, 3.7000000000000455, 1.0600000000001728, 1.3900000000001, 1.8099999999999454, 0.9200000000000728, 1.5, 0.8799999999998818, 0.7700000000002092, 2.740000000000009]",2.1100000000001273,12.899999999999864
112,4,112,40,16,9,500,8,1,6,-4,-1,0,54.11000000000013,36.3900000000001,34.070000000000164,8.029999999999973,"[11.429999999999836, 1.1399999999998727, 1.1300000000001091, 0.6999999999998181, 1.1400000000003274, 3.0299999999997453]","[7.839999999999918, 0.38000000000010914, 0.2699999999999818, 0.30999999999994543, 0.2699999999999818, 0.37000000000011823]","[0.9100000000000819, 2.1200000000001182, 0.8299999999999272, 1.1199999999998909, 2.650000000000091, 0.8999999999998636, 0.8900000000001, 0.8699999999998909, 1.1800000000000637, 0.6200000000001182, 0.9199999999998454, 1.150000000000091, 1.490000000000009]",1.4700000000002547,3.269999999999982
113,4,113,41,17,3,200,7,1,6,0,-1,-1,42.05000000000018,54.590000000000146,31.080000000000382,15.079999999999927,"[0.7199999999997999, 1.1300000000001091, 6.489999999999782, 0.7100000000000364, 1.0300000000002]","[12.600000000000136, 0.2899999999999636, 0.21000000000003638, 0.21000000000003638, 0.2400000000000091, 0.2699999999999818]","[0.8500000000001364, 0.7100000000000364, 0.7699999999999818, 0.6900000000000546, 1.949999999999818, 10.389999999999873, 1.9800000000000182, 0.5399999999999636, 2.0399999999999636, 0.9200000000000728, 2.5399999999999636]",0.8899999999998727,2.310000000000173
114,4,114,42,18,6,500,9,1,4,0,-1,-1,55.48999999999978,27.50999999999999,22.559999999999945,7.9500000000000455,"[1.6599999999998545, 0.9800000000000182, 24.809999999999945, 1.0399999999999636, 1.1700000000000728, 0.5599999999999454, 1.0599999999999454]","[3.099999999999909, 0.2999999999999545, 0.2599999999999909, 0.8100000000001728]","[0.7400000000000091, 0.5399999999999636, 0.8199999999999363, 0.9400000000000546, 0.6100000000001273, 1.5, 1.709999999999809, 0.8700000000001182, 1.0599999999999454, 0.5599999999999454, 1.0700000000001637]",1.650000000000091,4.669999999999845
115,4,115,43,19,5,350,7,1,23,0,0,0,30.539999999999964,102.03999999999996,20.670000000000073,17.350000000000136,"[0.9800000000000182, 1.1799999999998363, 2.6399999999998727, 0.9700000000002547, 1.5299999999997453, 1.5599999999999454]","[3.5900000000001455, 0.2899999999999636, 0.2300000000000182, 0.22000000000002728, 0.19000000000005457, 0.23999999999978172, 0.43000000000006366, 3.150000000000091, 0.32999999999992724, 0.31999999999993634, 2.380000000000109, 0.35999999999989996, 0.25, 0.2400000000000091, 0.36000000000012733, 0.2699999999999818, 7.039999999999964, 0.37999999999988177, 0.3500000000001364, 0.5299999999999727, 1.1599999999998545, 0.3500000000001364, 0.4600000000000364]","[4.9699999999998, 0.7000000000000455, 16.710000000000036, 0.6300000000001091, 1.2799999999999727, 1.4399999999998272, 2.8600000000001273, 3.2999999999999545, 0.7400000000000091, 2.7000000000000455, 1.1199999999998909, 1.0, 1.6000000000001364, 0.6599999999998545, 1.9800000000000182, 1.3799999999998818, 1.009999999999991, 1.8200000000001637, 1.6799999999998363, 0.9500000000000455, 1.650000000000091, 1.240000000000009, 2.3899999999998727, 0.5199999999999818, 1.1000000000001364, 2.369999999999891, 0.7899999999999636, 1.0199999999999818, 1.050000000000182]",1.0100000000002183,0.9099999999998545
116,4,116,44,20,5,350,8,0,0,0,-1,0,44.94999999999982,18.920000000000073,28.2199999999998,5.320000000000164,"[8.840000000000146, 2.0, 0.9299999999998363, 1.4100000000003092, 0.7399999999997817, 1.4099999999998545]",[],"[2.990000000000009, 0.9900000000000091, 0.7199999999997999, 0.7400000000000091, 1.1000000000001364, 1.490000000000009, 0.9199999999998454]",1.400000000000091,4.650000000000091
117,4,117,45,21,9,500,8,1,13,-1,0,-1,21.5300000000002,59.74999999999977,13.230000000000018,5.8900000000001,"[1.8200000000001637, 1.2399999999997817, 0.8400000000001455, 0.8000000000001819, 0.7399999999997817, 0.7400000000002365, 0.8399999999996908]","[3.0399999999999636, 0.2400000000000091, 0.2300000000000182, 0.2400000000000091, 0.22000000000002728, 0.25, 0.38000000000010914, 7.470000000000027, 0.25, 0.2300000000000182, 0.2600000000002183, 0.2300000000000182, 0.25]","[1.849999999999909, 0.8199999999999363, 1.1000000000001364, 0.849999999999909, 0.6099999999999, 0.9200000000000728, 4.839999999999918, 3.740000000000009, 0.6099999999999, 1.2300000000000182, 0.8199999999999363, 1.4700000000000273, 0.75, 2.099999999999909, 3.9899999999997817, 0.9600000000000364, 0.7300000000000182, 1.3099999999999454, 1.1199999999998909]",1.2800000000002,10.75
118,4,118,46,22,10,500,8,1,14,-1,0,0,28.639999999999873,42.86999999999989,13.670000000000073,10.400000000000091,"[1.0899999999996908, 0.9500000000002728, 6.849999999999909, 0.9600000000000364, 1.0299999999997453, 1.3400000000001455, 0.7400000000002365]","[2.8299999999999272, 0.22000000000025466, 0.2300000000000182, 0.20999999999958163, 0.25, 0.25, 0.2300000000000182, 0.24000000000023647, 2.0799999999999272, 0.29000000000041837, 0.45999999999958163, 0.3100000000004002, 0.31999999999970896, 0.32999999999992724]","[0.8699999999998909, 1.0199999999999818, 1.2400000000002365, 0.5399999999999636, 0.5399999999999636, 1.6199999999998909, 0.75, 1.3699999999998909, 0.7200000000002547, 1.0399999999999636, 1.2599999999997635, 1.0700000000001637, 1.2399999999997817, 2.330000000000382, 0.8999999999996362, 0.6200000000003456, 1.099999999999909, 0.6199999999998909, 0.9099999999998545, 1.3200000000001637, 0.7100000000000364]",2.0099999999997635,2.4299999999998363
119,4,119,47,23,5,350,9,0,0,0,-1,0,28.09999999999991,15.059999999999945,7.300000000000182,5.989999999999782,"[3.2099999999995816, 9.490000000000236, 2.3200000000001637, 1.0, 1.1499999999996362, 0.5500000000001819, 0.9899999999997817]",[],"[0.7000000000002728, 0.9499999999998181, 1.2600000000002183, 0.9699999999997999, 0.5500000000001819, 0.819999999999709, 1.1100000000001273, 1.0199999999999818]",2.0900000000001455,1.6900000000000546
120,4,120,48,72,4,350,9,0,0,0,-1,0,29.1899999999996,15.80999999999949,13.099999999999909,5.0,"[1.4400000000000546, 0.7399999999997817, 1.0799999999999272, 1.2600000000002183, 1.6199999999998909, 6.920000000000073, 1.1100000000001273]",[],"[2.9399999999996, 0.9499999999998181, 1.4099999999998545, 0.7600000000002183, 0.930000000000291, 0.9600000000000364, 1.1799999999993815, 0.9700000000002547]",1.919999999999618,0.7100000000000364
121,4,121,49,73,2,200,9,1,7,0,0,-1,35.02000000000044,35.04000000000087,19.15000000000009,6.360000000000582,"[0.8600000000001273, 0.9099999999998545, 0.6200000000003456, 0.8299999999999272, 1.1399999999998727, 1.1700000000000728, 3.1799999999998363, 4.670000000000073]","[3.4700000000002547, 0.32999999999992724, 0.3000000000001819, 0.27999999999974534, 0.2600000000002183, 0.25, 0.7899999999999636]","[2.0, 0.5900000000001455, 0.5199999999995271, 2.8400000000001455, 1.1099999999996726, 1.6400000000003274, 3.5399999999999636, 0.46999999999934516, 0.75, 2.5600000000004, 1.180000000000291, 1.0900000000001455, 1.1899999999995998, 1.199999999999818]",2.4900000000002365,2.3200000000006185
122,4,122,50,74,5,350,8,1,7,0,-1,0,29.389999999999873,54.86999999999989,17.75,23.18000000000029,"[1.069999999999709, 1.5, 1.050000000000182, 1.0799999999999272, 1.050000000000182, 0.8599999999996726]","[10.159999999999854, 0.2599999999993088, 0.2600000000002183, 0.23999999999978172, 0.2899999999999636, 0.3500000000003638, 0.3599999999996726]","[0.8599999999996726, 1.6199999999998909, 1.0, 0.8300000000008367, 1.1099999999996726, 1.1099999999996726, 0.9900000000006912, 1.4900000000006912, 0.8800000000001091, 0.8699999999998909, 0.8400000000001455, 0.9499999999998181, 0.8000000000001819, 1.3099999999994907]",5.0300000000002,5.109999999999673
123,4,123,51,75,2,200,10,0,0,0,0,0,45.4699999999998,25.42999999999938,9.069999999999709,9.699999999999818,"[2.099999999999909, 1.430000000000291, 0.9800000000000182, 1.0599999999999454, 1.7999999999997272, 24.3100000000004, 0.8399999999996908, 1.5300000000002, 1.5099999999997635]",[],"[4.029999999999745, 0.9000000000005457, 0.8999999999996362, 0.5500000000001819, 0.4600000000000364, 1.25, 1.050000000000182, 0.8899999999994179, 1.7100000000000364]",0.8400000000001455,3.9899999999997817
124,4,124,52,76,7,500,8,1,24,0,-1,-1,38.13000000000011,78.43000000000029,24.670000000000073,12.699999999999818,"[1.3899999999998727, 1.0799999999999272, 0.9400000000000546, 1.6599999999998545, 0.930000000000291, 1.0599999999999454]","[3.1899999999996, 0.3100000000004002, 0.26999999999952706, 0.3000000000001819, 0.3100000000004002, 0.36999999999989086, 0.9099999999998545, 6.029999999999745, 0.3000000000001819, 0.23999999999978172, 0.24000000000069122, 0.21999999999934516, 0.2600000000002183, 2.4600000000000364, 0.26999999999952706, 0.2600000000002183, 0.28000000000065484, 0.569999999999709, 7.260000000000218, 0.3400000000001455, 0.2600000000002183, 0.23999999999978172, 0.3499999999994543, 0.32000000000061846]","[1.3500000000003638, 0.8400000000001455, 0.6999999999998181, 0.8699999999998909, 0.7299999999995634, 0.7300000000004729, 5.940000000000509, 0.8799999999991996, 0.75, 0.930000000000291, 0.6900000000005093, 1.0399999999999636, 1.019999999999527, 2.3100000000004, 1.25, 0.6499999999996362, 0.7700000000004366, 0.6099999999996726, 1.6899999999995998, 0.7800000000006548, 0.8499999999994543, 0.7600000000002183, 1.519999999999527, 1.2600000000002183, 1.4799999999995634, 0.5200000000004366, 0.7899999999999636, 1.8400000000001455, 0.7599999999993088, 1.1000000000003638]",6.400000000000091,4.760000000000218
125,4,125,53,77,4,200,8,1,7,-1,0,0,39.32999999999993,34.38999999999942,29.769999999999982,11.519999999999527,"[0.8200000000001637, 1.199999999999818, 0.75, 1.5599999999999454, 0.930000000000291, 0.6799999999998363, 0.9699999999997999]","[2.1899999999996, 0.32000000000061846, 0.2599999999993088, 0.25, 0.3400000000001455, 0.42000000000007276, 0.3500000000003638]","[1.050000000000182, 0.8599999999996726, 2.380000000000109, 0.8800000000001091, 1.2600000000002183, 0.8400000000001455, 1.9899999999997817, 1.2100000000000364, 0.9899999999997817, 0.7399999999997817, 0.9500000000007276, 0.5399999999999636, 0.8099999999994907, 1.3500000000003638]",2.650000000000091,2.889999999999418
126,4,126,54,78,6,500,7,0,0,0,-1,0,32.43000000000029,23.279999999999745,14.340000000000146,10.259999999999309,"[11.309999999999945, 0.5799999999999272, 0.650000000000091, 2.849999999999909, 0.7100000000000364]",[],"[1.980000000000473, 0.7199999999993452, 1.0300000000006548, 0.9600000000000364, 2.9399999999996, 0.8299999999999272]",1.9900000000002365,4.5600000000004
127,4,127,55,79,2,200,9,0,0,0,0,0,39.00999999999976,23.650000000000546,21.809999999999945,11.320000000000618,"[1.069999999999709, 0.9900000000002365, 5.920000000000073, 4.079999999999927, 1.2199999999998, 1.080000000000382, 0.8599999999996726, 1.050000000000182]",[],"[1.1300000000001091, 0.819999999999709, 2.4099999999998545, 2.9600000000000364, 1.0900000000001455, 0.9600000000000364, 0.9099999999998545, 0.8900000000003274]",0.9299999999998363,1.1599999999998545
128,4,128,56,80,7,500,9,0,0,0,0,0,28.06999999999971,24.090000000000146,10.309999999999945,9.139999999999418,"[0.9600000000000364, 1.5099999999997635, 1.4800000000000182, 3.4600000000000364, 1.2100000000000364, 1.2200000000002547, 1.3599999999996726, 5.25]",[],"[2.550000000000182, 0.9600000000000364, 0.8400000000001455, 0.5399999999999636, 0.8000000000001819, 1.069999999999709, 0.9600000000000364, 2.0]",1.3099999999999454,5.230000000000473
129,4,129,57,81,5,350,8,1,5,0,0,-1,31.170000000000073,32.89000000000033,8.730000000000018,5.770000000000437,"[12.860000000000127, 1.4600000000000364, 0.8800000000001091, 3.449999999999818, 0.7100000000000364, 1.0599999999999454, 1.180000000000291]","[3.1599999999998545, 0.3900000000003274, 0.27999999999974534, 0.7100000000000364, 0.930000000000291]","[1.8999999999996362, 5.0, 0.5799999999999272, 3.030000000000655, 0.8999999999996362, 3.050000000000182, 1.0399999999999636, 0.8400000000001455, 0.5599999999994907, 0.6099999999996726, 1.1200000000008004]",0.8399999999996908,3.019999999999527
130,4,130,58,82,4,350,9,0,0,0,-1,0,46.210000000000036,19.579999999999927,5.550000000000182,3.0399999999999636,"[30.269999999999982, 1.4099999999998545, 0.6900000000000546, 2.150000000000091, 1.069999999999709, 1.0, 1.3699999999998909]",[],"[2.350000000000364, 0.8900000000003274, 1.1099999999996726, 0.5299999999997453, 7.449999999999818, 1.0399999999999636, 0.5500000000001819, 0.8600000000005821]",2.700000000000273,1.7599999999993088
131,4,131,59,83,3,200,10,0,0,0,-2,-1,25.199999999999818,26.359999999999673,7.829999999999927,5.609999999999673,"[1.0, 7.299999999999727, 2.3100000000004, 0.9899999999997817, 0.9400000000000546, 1.0900000000001455, 1.7100000000000364]",[],"[10.5, 0.5, 0.5500000000001819, 3.119999999999891, 0.8000000000001819, 0.6700000000000728, 0.7799999999997453, 1.1099999999996726]",2.0299999999997453,2.7200000000002547
132,4,132,60,84,3,200,9,1,24,0,-1,-1,26.140000000000327,94.09000000000015,9.440000000000055,11.550000000000182,"[6.139999999999873, 1.180000000000291, 0.819999999999709, 0.9500000000002728, 2.6900000000000546, 3.3099999999999454, 0.6799999999998363]","[14.170000000000073, 0.31999999999970896, 0.27999999999974534, 0.5399999999999636, 0.660000000000764, 0.42000000000007276, 0.31999999999970896, 0.36999999999989086, 7.630000000000109, 0.31999999999970896, 0.2899999999999636, 0.25, 0.2600000000002183, 0.22999999999956344, 0.22000000000025466, 0.42000000000007276, 2.139999999999418, 2.550000000000182, 0.2899999999999636, 0.25, 0.2899999999999636, 0.2600000000002183, 0.4099999999998545, 0.680000000000291]","[3.6700000000000728, 0.8499999999994543, 0.6999999999998181, 1.0100000000002183, 0.9400000000005093, 1.3999999999996362, 1.1300000000001091, 2.4099999999998545, 0.9400000000005093, 3.7999999999992724, 0.5900000000001455, 1.0799999999999272, 1.0700000000006185, 0.9099999999998545, 0.9600000000000364, 2.0, 4.5, 1.0100000000002183, 0.8800000000001091, 1.3900000000003274, 1.0, 1.0999999999994543, 1.0100000000002183, 1.589999999999236, 2.130000000000109, 1.2000000000007276, 2.1299999999991996, 1.2400000000006912, 1.019999999999527, 0.5900000000001455, 0.9499999999998181]",0.930000000000291,3.7700000000004366
133,4,133,61,85,8,500,9,0,0,-2,0,0,41.88999999999987,21.799999999999272,24.329999999999927,11.269999999999527,"[3.519999999999982, 1.1900000000000546, 2.7199999999998, 1.2200000000002547, 1.2199999999998, 5.180000000000291, 0.9400000000000546, 0.6899999999995998]",[],"[0.930000000000291, 1.2299999999995634, 0.9200000000000728, 0.9499999999998181, 1.5799999999999272, 1.1700000000000728, 0.7200000000002547, 1.230000000000473]",0.8800000000001091,1.7999999999992724
134,4,134,62,86,3,200,8,1,4,0,-1,0,56.429999999999836,36.19000000000051,33.57999999999993,14.1200000000008,"[0.6700000000000728, 0.5399999999999636, 11.150000000000091, 1.0199999999999818, 1.1900000000000546, 1.1099999999996726]","[2.619999999999891, 0.36999999999989086, 0.22000000000025466, 0.38000000000010914]","[0.8899999999994179, 0.6700000000000728, 1.7799999999997453, 0.7200000000002547, 1.1300000000001091, 0.7899999999999636, 1.2100000000000364, 0.8999999999996362, 1.3299999999999272, 1.0700000000006185, 2.0799999999999272]",7.170000000000073,5.9099999999998545
135,4,135,63,87,4,350,9,1,13,0,-1,0,23.970000000000255,48.75,12.0300000000002,13.739999999999782,"[5.239999999999782, 0.5799999999999272, 0.8099999999999454, 0.5, 1.430000000000291, 0.7899999999999636, 0.8400000000001455]","[2.7600000000002183, 0.27000000000043656, 0.2599999999993088, 0.24000000000069122, 0.2899999999999636, 0.3099999999994907, 0.3600000000005821, 0.5799999999999272, 1.430000000000291, 0.2899999999999636, 0.26999999999952706, 0.2899999999999636, 0.4600000000000364]","[1.7700000000004366, 0.7700000000004366, 0.7100000000000364, 0.7199999999993452, 1.050000000000182, 0.8599999999996726, 2.7799999999997453, 3.5100000000002183, 1.4600000000000364, 0.6499999999996362, 1.3299999999999272, 0.5500000000001819, 2.480000000000473, 0.8599999999996726, 0.6899999999995998, 0.8300000000008367, 0.7199999999993452, 0.8900000000003274, 1.569999999999709]",1.75,1.9600000000000364
136,4,136,64,88,4,200,8,1,21,0,0,0,34.309999999999945,77.0,19.86999999999989,15.05999999999949,"[0.7799999999997453, 1.2300000000000182, 1.3400000000001455, 1.0199999999999818, 5.610000000000127, 1.3099999999999454, 1.1399999999998727]","[2.610000000000582, 0.26999999999952706, 0.27999999999974534, 0.23000000000047294, 0.2899999999999636, 0.26999999999952706, 0.4500000000007276, 2.069999999999709, 0.27000000000043656, 0.23999999999978172, 0.2600000000002183, 0.25, 0.3099999999994907, 0.36999999999989086, 7.0700000000006185, 0.23999999999978172, 0.22999999999956344, 0.28000000000065484, 0.26999999999952706, 0.32999999999992724, 0.4000000000005457]","[1.1400000000003274, 1.0299999999997453, 0.5900000000001455, 1.6900000000005093, 1.1700000000000728, 0.9299999999993815, 1.3999999999996362, 1.1499999999996362, 3.4200000000000728, 1.0200000000004366, 1.1199999999998909, 0.5, 0.680000000000291, 4.800000000000182, 6.0900000000001455, 1.9799999999995634, 1.1900000000005093, 1.269999999999527, 0.7400000000006912, 1.089999999999236, 1.6799999999993815, 1.0399999999999636, 1.0799999999999272, 0.8600000000005821, 0.8899999999994179, 3.6900000000005093, 0.569999999999709, 0.7899999999999636]",2.0100000000002183,1.3500000000003638
137,4,137,65,89,6,350,9,0,0,0,-1,-1,48.05000000000018,30.079999999999927,33.01999999999998,16.6200000000008,"[0.900000000000091, 1.1399999999998727, 3.9900000000002365, 1.3899999999998727, 1.0100000000002183, 0.6099999999996726, 1.0300000000002]",[],"[1.2399999999997817, 0.6899999999995998, 0.8400000000001455, 1.7700000000004366, 0.6799999999993815, 0.7700000000004366, 2.869999999999891]",4.960000000000036,4.599999999999454
138,4,138,66,90,7,500,8,0,0,-2,0,0,34.559999999999945,19.449999999999818,22.960000000000036,12.340000000000146,"[0.819999999999709, 5.920000000000073, 0.650000000000091, 0.9699999999997999, 0.930000000000291, 0.7199999999997999, 0.7300000000000182]",[],"[0.819999999999709, 0.5, 0.9899999999997817, 0.8900000000003274, 0.8499999999994543, 0.8500000000003638, 1.2200000000002547]",0.8600000000001273,0.9899999999997817
139,4,139,67,91,5,350,11,1,33,0,0,0,69.71000000000004,90.80999999999949,49.26999999999998,8.479999999999563,"[0.5500000000001819, 1.0700000000001637, 4.739999999999782, 1.050000000000182, 0.8800000000001091, 0.8399999999996908, 1.599999999999909, 4.7400000000002365, 1.6900000000000546, 1.5399999999999636]","[5.3400000000001455, 0.3000000000001819, 0.25, 0.2899999999999636, 0.2600000000002183, 0.23999999999978172, 0.23999999999978172, 0.3500000000003638, 0.3400000000001455, 0.3499999999994543, 3.860000000000582, 0.36999999999989086, 0.2999999999992724, 0.27000000000043656, 0.2600000000002183, 0.26999999999952706, 2.300000000000182, 0.32999999999992724, 0.3400000000001455, 0.27000000000043656, 0.25, 0.25, 0.3000000000001819, 0.7299999999995634, 1.8999999999996362, 0.6700000000000728, 1.4200000000000728, 0.27000000000043656, 0.23999999999978172, 0.22999999999956344, 0.27000000000043656, 0.22999999999956344, 0.3600000000005821]","[0.7600000000002183, 0.7600000000002183, 0.7799999999997453, 0.6099999999996726, 0.5399999999999636, 1.1400000000003274, 2.1899999999996, 1.0600000000004002, 0.6899999999995998, 2.180000000000291, 0.7399999999997817, 1.1900000000005093, 1.9899999999997817, 2.1099999999996726, 0.7300000000004729, 1.0799999999999272, 0.8099999999994907, 1.550000000000182, 1.4600000000000364, 0.8900000000003274, 1.7100000000000364, 0.9399999999995998, 1.0399999999999636, 0.6599999999998545, 1.3699999999998909, 1.230000000000473, 1.1599999999998545, 4.690000000000509, 1.0999999999994543, 0.75, 2.230000000000473, 0.8799999999991996, 1.3900000000003274, 2.5999999999994543, 1.0200000000004366, 1.0999999999994543, 1.1400000000003274, 1.1300000000001091, 3.3900000000003274, 0.8799999999991996, 1.0399999999999636, 1.0399999999999636, 1.0800000000008367]",1.7399999999997817,1.8499999999994543
140,4,140,68,92,4,200,6,1,5,0,0,0,60.84999999999991,46.61999999999989,51.50999999999976,26.229999999999563,"[0.9200000000000728, 0.8600000000005821, 0.5099999999993088, 0.6700000000000728, 1.0399999999999636]","[3.6900000000005093, 0.2600000000002183, 0.26999999999952706, 0.3500000000003638, 0.4099999999998545]","[0.7399999999997817, 0.9000000000005457, 0.8599999999996726, 0.8599999999996726, 2.9099999999998545, 1.0399999999999636, 3.2700000000004366, 0.8999999999996362, 1.0200000000004366, 0.9099999999998545]",5.3400000000001455,2.0
141,4,141,69,93,3,200,9,0,0,0,0,0,26.029999999999745,21.5,12.480000000000473,8.050000000000182,"[1.0599999999994907, 2.1400000000003274, 4.289999999999964, 1.3800000000001091, 1.569999999999709, 0.5799999999999272, 0.7399999999997817, 1.0800000000008367]",[],"[1.1599999999998545, 0.8299999999999272, 2.740000000000691, 2.009999999999309, 0.5600000000004002, 0.8100000000004002, 0.819999999999709, 0.7299999999995634]",0.7099999999991269,3.7899999999999636
142,4,142,70,94,5,200,8,1,7,0,-1,0,46.13000000000011,41.76000000000022,25.109999999999673,12.300000000000182,"[0.8500000000003638, 2.899999999999636, 5.240000000000691, 0.9499999999998181, 0.75, 0.9700000000002547]","[3.850000000000364, 0.3000000000001819, 0.2600000000002183, 0.23999999999978172, 0.26999999999952706, 0.28000000000065484, 0.6499999999996362]","[2.380000000000109, 0.6900000000005093, 1.4299999999993815, 0.6999999999998181, 0.6400000000003274, 1.0299999999997453, 1.0299999999997453, 1.0900000000001455, 0.8599999999996726, 0.7300000000004729, 0.7600000000002183, 2.0799999999999272, 1.7799999999997453, 0.9600000000000364]",9.359999999999673,7.449999999999818
143,4,143,71,95,4,350,8,1,28,0,-1,0,55.51000000000022,81.98999999999978,47.01000000000022,8.139999999999418,"[0.569999999999709, 0.9500000000007276, 1.089999999999236, 0.9400000000005093, 0.9399999999995998, 1.0700000000006185]","[3.6799999999993815, 0.2899999999999636, 0.23000000000047294, 0.21000000000003638, 0.22000000000025466, 0.23999999999978172, 1.050000000000182, 3.9199999999991633, 0.25, 0.2600000000002183, 0.23999999999978172, 0.24000000000069122, 0.23999999999978172, 0.2899999999999636, 0.32999999999992724, 3.5600000000004, 0.31999999999970896, 0.3400000000001455, 0.6700000000000728, 0.2899999999999636, 0.43000000000029104, 1.3900000000003274, 0.38000000000010914, 0.2899999999999636, 0.23999999999978172, 0.26999999999952706, 0.2600000000002183, 0.3400000000001455]","[1.0100000000002183, 0.8299999999999272, 1.430000000000291, 0.5199999999995271, 0.9500000000007276, 1.0799999999999272, 19.460000000000036, 0.9899999999997817, 1.0799999999999272, 0.5299999999997453, 0.5600000000004002, 0.7799999999997453, 0.680000000000291, 0.8400000000001455, 1.800000000000182, 2.389999999999418, 0.7100000000000364, 0.7700000000004366, 1.0599999999994907, 1.25, 0.9200000000000728, 0.7100000000000364, 1.3099999999994907, 0.9200000000000728, 0.7300000000004729, 0.6899999999995998, 0.7700000000004366, 0.6699999999991633, 1.2600000000002183, 1.1599999999998545, 0.8500000000003638, 0.7299999999995634, 0.7800000000006548]",2.9399999999996,1.4399999999995998
